pathway,cluster1,cluster2,pvalue,effect_size,adj_p
Ras signaling pathway,0,2,3.809010053130477e-69,0.0581297645374029,3.656649651005258e-66
JAK-STAT signaling pathway,0,2,1.0717406097651874e-59,0.0675104854668764,5.144354926872899e-57
Rap1 signaling pathway,0,2,2.9774291758427822e-58,0.04971372796785603,9.527773362696902e-56
MAPK signaling pathway,0,2,4.9658004554136986e-58,0.043222487382450436,1.1917921092992876e-55
PI3K-Akt signaling pathway,0,2,7.6058371688936e-56,0.054682086332176416,1.4603207364275713e-53
Vascular smooth muscle contraction,0,2,7.485743293865931e-55,0.06019105205908787,1.1977189270185488e-52
Pathways in cancer,0,2,2.9500685808256583e-53,0.034688414421993385,4.045808339418046e-51
Phospholipase D signaling pathway,0,2,9.580300065306985e-53,0.05056119076023284,1.1496360078368382e-50
Renin secretion,0,2,3.739432141717579e-52,0.0763307703179999,3.988727617832084e-50
Choline metabolism in cancer,0,2,3.2574369469871286e-51,0.041775880017514117,3.1271394691076436e-49
Fanconi anemia pathway,0,2,3.1316618051908076e-50,-0.08559439461826641,2.7330866663483415e-48
Focal adhesion,0,2,2.0458642344368283e-49,0.0682924328942876,1.6366913875494625e-47
Melanoma,0,2,4.219433829488328e-48,0.05342331719248475,3.1158895971606112e-46
Calcium signaling pathway,0,2,7.300179773013977e-48,0.04801090983820128,5.0058375586381556e-46
cAMP signaling pathway,0,2,1.107558351663571e-47,0.03852738401366888,7.088373450646855e-46
Pyrimidine metabolism,0,1,1.1458184598102706e-46,-0.05092377334654519,6.874910758861624e-45
Pyrimidine metabolism,0,2,1.326094747183141e-46,-0.05818062490589859,7.488535042916562e-45
Apelin signaling pathway,0,2,4.135531357950494e-46,0.04829730123953624,2.2056167242402634e-44
Adherens junction,0,2,5.601525539920084e-46,0.050732407182054906,2.8302444833280424e-44
Acute myeloid leukemia,0,2,6.222320249445092e-46,0.0449512268657305,2.9867137197336446e-44
Oxytocin signaling pathway,0,2,7.10690157976849e-46,0.04222853104062152,3.248869293608453e-44
Fluid shear stress and atherosclerosis,0,2,1.0576602487287701e-45,0.0428613474427737,4.615244721725542e-44
Base excision repair,0,2,6.536142439533656e-45,-0.0690616983174922,2.728129018240134e-43
cGMP-PKG signaling pathway,0,2,1.0131977048238128e-44,0.05173134982443149,4.0527908192952506e-43
Breast cancer,0,2,2.7148154803163647e-44,0.03809335149565404,1.042489144441484e-42
Transcriptional misregulation in cancer,0,2,6.4574887727359e-44,0.03712275704531651,2.3843035468563324e-42
Homologous recombination,0,2,8.685533712713209e-44,-0.06949944575967634,3.088189764520252e-42
Gap junction,0,2,1.646121489958491e-43,0.04655260165568789,5.643845108429112e-42
Regulation of actin cytoskeleton,0,2,1.9286573236311934e-43,0.03991573508302773,6.171703435619819e-42
Viral carcinogenesis,0,1,1.9032419666683127e-43,-0.0328717528315865,6.171703435619819e-42
Osteoclast differentiation,1,2,2.004710874373219e-43,0.05913297021681849,6.208136901284807e-42
cAMP signaling pathway,0,1,3.847082499339896e-43,0.030725410782703137,1.154124749801969e-41
cGMP-PKG signaling pathway,0,1,4.740972130999774e-43,0.04142063897384385,1.3791918926544794e-41
Vascular smooth muscle contraction,0,1,1.205572347531068e-42,0.04247500149603865,3.4039689812641925e-41
PPAR signaling pathway,0,2,1.503416781759566e-42,0.10644967090932377,4.1236574585405236e-41
Yersinia infection,1,2,3.791052127441548e-42,0.035952917831477166,1.0109472339844127e-40
Fc gamma R-mediated phagocytosis,1,2,5.822781411493703e-42,0.039259951358361855,1.509614467334926e-40
Adipocytokine signaling pathway,0,2,5.975557266534082e-42,0.06742053834277781,1.509614467334926e-40
Amoebiasis,0,2,7.534414639332964e-42,0.058731924607977354,1.8546251419896527e-40
Ras signaling pathway,0,1,2.001332174050873e-41,0.03452756951425452,4.803197217722095e-40
Fatty acid degradation,0,1,4.0846577208177535e-41,0.07187012744630755,9.564076614597666e-40
Regulation of lipolysis in adipocytes,0,2,4.5665814440469337e-41,0.1112382783562158,1.043790044353585e-39
"Parathyroid hormone synthesis, secretion and action",0,2,5.793948331027446e-41,0.04567243230025325,1.293532650647988e-39
DNA replication,0,2,9.167923899757574e-41,-0.08682718154226782,2.0002743054016528e-39
Chagas disease,1,2,1.7698463388577464e-40,0.041709743282410755,3.775672189563192e-39
Gastric cancer,0,2,3.408774715192864e-40,0.03043627481402654,7.113964623011193e-39
Toxoplasmosis,1,2,4.163118114157177e-40,0.04806215632040631,8.503390190618915e-39
Calcium signaling pathway,0,1,4.3523056274291675e-40,0.03751153550177063,8.704611254858334e-39
Renin secretion,0,1,5.74268467056659e-40,0.053823687235636325,1.1250974048456993e-38
Viral myocarditis,1,2,1.618915123957771e-39,0.07161954166349849,3.1083170379989207e-38
TNF signaling pathway,1,2,6.911464815470265e-39,0.05370580388396426,1.3009816123238146e-37
Proteoglycans in cancer,0,2,1.2925672126208597e-38,0.040565520203377364,2.3862779309923563e-37
Th1 and Th2 cell differentiation,0,2,1.502870635148327e-38,0.055806831027026826,2.7221807730988566e-37
Tuberculosis,1,2,1.5655588700549422e-38,0.04385996249292143,2.7832157689865637e-37
Mismatch repair,0,2,2.1045708025872148e-38,-0.0767204809714242,3.6734326736067752e-37
Cell adhesion molecules,1,2,2.612322603052719e-38,0.06874393749269504,4.478267319518947e-37
Chemical carcinogenesis,0,1,3.7007760418651555e-38,0.026638494575920962,6.232885965246578e-37
Axon guidance,0,2,4.132918373347436e-38,0.034185358531126225,6.840692480023342e-37
Gastric acid secretion,0,2,4.5797219741211354e-38,0.040282765737274344,7.451751008739475e-37
Regulation of lipolysis in adipocytes,0,1,5.080146305073801e-38,0.0964266571164502,8.128234088118082e-37
Th1 and Th2 cell differentiation,1,2,1.345404834226683e-37,0.07375251134988675,2.117358427635436e-36
Kaposi sarcoma-associated herpesvirus infection,1,2,2.903271048135165e-37,0.03223637678931782,4.495387429370578e-36
Acute myeloid leukemia,1,2,3.011177892770474e-37,0.03834449977252147,4.5884615508883414e-36
Leishmaniasis,1,2,4.036817987204971e-37,0.06807570922496536,6.055226980807458e-36
Nucleotide excision repair,0,2,4.139790706874251e-37,-0.040589646146499264,6.114152428614278e-36
Chemical carcinogenesis,0,2,4.419261545013691e-37,0.03019485370216439,6.428016792747185e-36
Transcriptional misregulation in cancer,1,2,5.0622514276686716e-37,0.03143015551535003,7.253375179943171e-36
Human T-cell leukemia virus 1 infection,1,2,6.610510406807893e-37,0.037657121294189744,9.332485280199378e-36
Pathways in cancer,1,2,7.0915809890195316e-37,0.02477113173391235,9.866547462983696e-36
Phagosome,1,2,7.28492943734746e-37,0.046516949238169986,9.990760371219373e-36
Leukocyte transendothelial migration,1,2,1.0663630012150685e-36,0.044176408955615865,1.4418429312203744e-35
Melanogenesis,0,2,1.142506939691404e-36,0.034530446088949396,1.5233425862552052e-35
Cytokine-cytokine receptor interaction,1,2,1.646991581047672e-36,0.06818588755059063,2.1659067367202264e-35
Apelin signaling pathway,0,1,1.7454575809226566e-36,0.03193464695404552,2.264377402278041e-35
TNF signaling pathway,0,2,1.9530406417323554e-36,0.05412290930271385,2.499892021417415e-35
Phenylalanine metabolism,0,1,2.227756823873246e-36,0.10730989595356168,2.814008619629363e-35
ErbB signaling pathway,0,2,2.574196371981243e-36,0.03668411612831882,3.209387684548043e-35
Rheumatoid arthritis,1,2,2.902051756800187e-36,0.0728124907098442,3.5717560083694607e-35
Neurotrophin signaling pathway,0,2,3.677840118945727e-36,0.028912510379289852,4.469274068592276e-35
AMPK signaling pathway,0,1,4.2218294414330854e-36,0.040424188157788726,5.066195329719702e-35
Oxytocin signaling pathway,0,1,5.4040862082414824e-36,0.028676699294162444,6.404842913471386e-35
Th17 cell differentiation,1,2,6.735800963848842e-36,0.06594362364103812,7.885815762554741e-35
Aminoacyl-tRNA biosynthesis,0,2,7.793541341478972e-36,-0.04302233864103977,9.014216491349173e-35
Leukocyte transendothelial migration,0,2,8.023011998656253e-36,0.04370773261870767,9.169156569892861e-35
Epstein-Barr virus infection,0,1,8.256921489435691e-36,-0.04275196437243245,9.325464270421486e-35
Choline metabolism in cancer,0,1,9.613193480065546e-36,0.02380544956803604,1.0731006675422005e-34
Amoebiasis,1,2,1.1608518366897112e-35,0.04868234636898494,1.280939957726578e-34
Human cytomegalovirus infection,1,2,1.2152782707721634e-35,0.028833602860397017,1.3257581135696328e-34
Signaling pathways regulating pluripotency of stem cells,0,2,1.2363741679770735e-35,0.030589952502974194,1.333617080065158e-34
Fatty acid degradation,0,2,1.3875569399133802e-35,0.07219468215083083,1.4800607359076055e-34
Inflammatory mediator regulation of TRP channels,0,2,1.5408227715183013e-35,0.033647646697877995,1.6133714034277834e-34
C-type lectin receptor signaling pathway,1,2,1.546147594951626e-35,0.03852142422308533,1.6133714034277834e-34
FoxO signaling pathway,0,2,1.9686447960380706e-35,0.03694143142998227,2.0321494668780083e-34
Hematopoietic cell lineage,1,2,2.0238067645271237e-35,0.0986105976930769,2.0668664829213178e-34
Malaria,1,2,2.4887331371806147e-35,0.10149237880053627,2.5149303280983053e-34
Pathogenic Escherichia coli infection,1,2,3.245676310818729e-35,0.024392995715053017,3.245676310818729e-34
Aldosterone synthesis and secretion,0,1,4.1647189160087194e-35,0.03606548733059658,4.121783669451928e-34
Lipid and atherosclerosis,1,2,4.901649296268838e-35,0.0323493705127223,4.801615637161311e-34
Epithelial cell signaling in Helicobacter pylori infection,0,2,6.278248633001135e-35,0.033400172609829415,6.087998674425344e-34
Inflammatory bowel disease,1,2,6.576702984516114e-35,0.07368298029964498,6.313634865135469e-34
Cell cycle,0,2,8.138317845028072e-35,-0.06119606959498322,7.73543082299698e-34
GnRH signaling pathway,0,2,8.484042021907283e-35,0.03428019837287541,7.984980726500973e-34
"Growth hormone synthesis, secretion and action",0,2,1.0900172711439164e-34,0.036489563951268844,1.0159384274739415e-33
Butanoate metabolism,0,1,1.1023117624349727e-34,0.06416030716241075,1.0175185499399748e-33
Notch signaling pathway,0,2,1.5623515848036272e-34,0.04041512798814956,1.428435734677602e-33
Phenylalanine metabolism,0,2,1.8051239502773729e-34,0.112430582910124,1.634829237987055e-33
NF-kappa B signaling pathway,1,2,2.255027188601467e-34,0.06761063086900333,2.0232019636050545e-33
Th17 cell differentiation,0,2,2.6143099139231197e-34,0.04818432015779628,2.3238310345983284e-33
Retinol metabolism,0,1,3.0971535189796834e-34,0.0666342557093483,2.7277682368995376e-33
Fc epsilon RI signaling pathway,1,2,3.248644440854568e-34,0.03786061343143651,2.8351806029276233e-33
Cell adhesion molecules,0,2,4.002974950222528e-34,0.05814345886801574,3.4620323893816455e-33
Hematopoietic cell lineage,0,2,4.371724717640595e-34,0.07678669399632435,3.74719261512051e-33
Toxoplasmosis,0,2,4.61724102292565e-34,0.03918380284772349,3.9226118424855075e-33
Aldosterone synthesis and secretion,0,2,5.213274057723962e-34,0.04343229634232737,4.390125522293863e-33
Kaposi sarcoma-associated herpesvirus infection,0,2,8.647186544794368e-34,0.027657777514499576,7.218520941741385e-33
Chemokine signaling pathway,1,2,1.3973415061237e-33,0.05478254556738252,1.1564205567920276e-32
Insulin signaling pathway,0,1,2.8291731819380924e-33,0.028826199232928756,2.3213728672312553e-32
Ether lipid metabolism,0,2,3.0714218732911628e-33,0.03583583001107702,2.4987838969148444e-32
AGE-RAGE signaling pathway in diabetic complications,1,2,3.342984498887525e-33,0.04026711429937366,2.6968614444806925e-32
C-type lectin receptor signaling pathway,0,2,4.068160153648248e-33,0.03636639297782335,3.2545281229185984e-32
Systemic lupus erythematosus,0,1,4.123779220370287e-33,-0.06643398137307971,3.2717587202937817e-32
Wnt signaling pathway,0,2,6.691975645905176e-33,0.03087762710286203,5.265816901695876e-32
Amphetamine addiction,0,2,8.498345518821544e-33,0.03637953676645925,6.63285503908023e-32
Histidine metabolism,0,1,1.1292078417698026e-32,0.06047944929634789,8.742254258862986e-32
PD-L1 expression and PD-1 checkpoint pathway in cancer,1,2,1.281544447020474e-32,0.04529631377904075,9.84226135311724e-32
MAPK signaling pathway,0,1,1.400055323224533e-32,0.02496831674243133,1.0667088176948823e-31
Neutrophil extracellular trap formation,0,1,1.5026796694201987e-32,-0.04816338404873094,1.1358838446010951e-31
PPAR signaling pathway,0,1,1.848750164888642e-32,0.07887965434789461,1.3865626236664817e-31
Toll-like receptor signaling pathway,1,2,2.3531078611520987e-32,0.04535844951205001,1.751150036206213e-31
AMPK signaling pathway,0,2,2.4167826997634702e-32,0.0398564952491367,1.7847010705945626e-31
beta-Alanine metabolism,0,1,2.577003936471282e-32,0.05227386250355244,1.8884914343606344e-31
Cytokine-cytokine receptor interaction,0,2,3.120334547175199e-32,0.05933454757863424,2.2693342161274173e-31
Base excision repair,0,1,3.2288136962706316e-32,-0.05006011214073941,2.3305722920449672e-31
Tyrosine metabolism,0,1,4.8690354304136555e-32,0.0896130419931039,3.4882641889530665e-31
African trypanosomiasis,1,2,5.743275829326894e-32,0.07669503534986374,4.084107256410235e-31
Platelet activation,0,2,6.422805730959744e-32,0.040138276150420565,4.5337452218539375e-31
Proteasome,0,1,7.659088384041217e-32,-0.04154777579013619,5.366952444291656e-31
Cholesterol metabolism,0,2,8.550155372352097e-32,0.060394733811720336,5.947934172071025e-31
Mineral absorption,0,2,8.944329592722289e-32,0.04620389839200091,6.17737871152043e-31
Nitrogen metabolism,0,1,1.0636173619648007e-31,0.06966426287885033,7.293376196330061e-31
Fanconi anemia pathway,0,1,1.0776924390783155e-31,-0.05670422656095375,7.337480436277893e-31
Insulin resistance,0,2,1.2022856642841237e-31,0.03583740350439818,8.128128434596892e-31
Glucagon signaling pathway,0,1,1.7890974518481304e-31,0.026431328886076993,1.2010724152267169e-30
Longevity regulating pathway,0,1,3.2702590639053304e-31,0.02414525431398931,2.1801727092702204e-30
RNA transport,0,2,3.6879206931045336e-31,-0.02862901978750798,2.4416578381933467e-30
Dopaminergic synapse,0,1,3.7671576052653535e-31,0.020388473218562284,2.4770351377087258e-30
Natural killer cell mediated cytotoxicity,1,2,4.128149499680261e-31,0.048799661979578426,2.6959343671381295e-30
Gastric acid secretion,0,1,6.031989037352282e-31,0.02710118116671862,3.912641537742021e-30
Prolactin signaling pathway,0,2,6.302429190945128e-31,0.03308801334967282,4.0606255189982036e-30
Coronavirus disease,1,2,6.544973546850797e-31,0.027011814316140026,4.18878306998451e-30
Prostate cancer,0,2,7.602577336960571e-31,0.03952467283147479,4.833426651312681e-30
Melanoma,0,1,8.912376988113232e-31,0.032600708026048364,5.6288696767030945e-30
AGE-RAGE signaling pathway in diabetic complications,0,2,9.28263672461839e-31,0.05180740943830056,5.8243995134860485e-30
Intestinal immune network for IgA production,1,2,1.0166254528274909e-30,0.09887489438819275,6.324596621571018e-30
PD-L1 expression and PD-1 checkpoint pathway in cancer,0,2,1.0211588295244872e-30,0.031223252282850583,6.324596621571018e-30
Amyotrophic lateral sclerosis,0,2,1.103198426537238e-30,-0.014692293373653242,6.78891339407531e-30
Aldosterone-regulated sodium reabsorption,0,1,1.1596695673071094e-30,0.045065058123389,7.090973150412898e-30
DNA replication,0,1,1.2055802265007399e-30,-0.06965947242397791,7.32504441418171e-30
Amphetamine addiction,0,1,1.3397541333298716e-30,0.029433512968781342,8.089081559727527e-30
Viral protein interaction with cytokine and cytokine receptor,1,2,1.4093023772536485e-30,0.10511689055402965,8.455814263521891e-30
Circadian entrainment,0,1,1.7455669370411277e-30,0.030497146395180114,1.0408349438257657e-29
Cell cycle,0,1,1.9900083845500196e-30,-0.05875166210534846,1.179264227881493e-29
Hepatocellular carcinoma,0,2,2.230446318614729e-30,0.021385896826638717,1.3136370956258525e-29
Propanoate metabolism,0,1,2.3842260909541636e-30,0.06137276061068439,1.3956445410463395e-29
Proximal tubule bicarbonate reclamation,0,1,3.374555432445064e-30,0.061716272836358596,1.9633777061498554e-29
Malaria,0,2,4.230098929517262e-30,0.11284714938130841,2.4463222724919107e-29
Human cytomegalovirus infection,0,2,4.537042704795888e-30,0.026340651770173223,2.6081203572479357e-29
Tyrosine metabolism,0,2,4.917506859726119e-30,0.08821879666463325,2.8100039198434966e-29
JAK-STAT signaling pathway,1,2,5.5571721117155805e-30,0.03782052654218033,3.1567368208561876e-29
Staphylococcus aureus infection,1,2,6.275360235999816e-30,0.07508211927824084,3.543732839152837e-29
Circadian rhythm,0,1,7.70628185588441e-30,0.05793789161196597,4.3263336734789664e-29
B cell receptor signaling pathway,1,2,7.812329161425821e-30,0.05176018632368548,4.3603697645167375e-29
Morphine addiction,0,2,8.541338748841054e-30,0.04506808699021166,4.73970242710255e-29
"Valine, leucine and isoleucine degradation",0,1,8.668297778678126e-30,0.05216333744296339,4.78250911927069e-29
Glycosylphosphatidylinositol (GPI)-anchor biosynthesis,0,2,1.3012859183082738e-29,-0.05447803478098834,7.138482751862531e-29
Salivary secretion,0,2,1.5329844129415357e-29,0.036889408383331004,8.361733161499286e-29
Pertussis,1,2,1.6489865061851056e-29,0.04429268948604803,8.943655626766674e-29
Adipocytokine signaling pathway,0,1,1.9812287914776769e-29,0.045580264907747026,1.0685278875385223e-28
PI3K-Akt signaling pathway,0,1,2.169758652535716e-29,0.02887394107001806,1.163669444935356e-28
T cell receptor signaling pathway,1,2,2.2178482829382838e-29,0.04901562172217028,1.1828524175670848e-28
ECM-receptor interaction,0,2,3.230957692884338e-29,0.07098505577205755,1.7136571188778807e-28
Glioma,0,2,4.289339510131869e-29,0.027989915257377068,2.26250875259703e-28
Insulin resistance,0,1,5.187280768299386e-29,0.030594373207909448,2.707834785170057e-28
Relaxin signaling pathway,0,2,5.190016671575943e-29,0.03236927718670318,2.707834785170057e-28
Thyroid hormone synthesis,0,2,6.030085719803819e-29,0.035479210669592864,3.127715163414673e-28
Influenza A,1,2,6.059948129115928e-29,0.042346991411249424,3.127715163414673e-28
NOD-like receptor signaling pathway,1,2,8.990066390343534e-29,0.035467913090338615,4.6152212485186055e-28
Longevity regulating pathway,0,2,1.2235144953318963e-28,0.027213497429333267,6.233425117820882e-28
Graft-versus-host disease,1,2,1.2272055700709861e-28,0.09751782794730202,6.233425117820882e-28
Arrhythmogenic right ventricular cardiomyopathy,0,2,1.3062208638703915e-28,0.0457775925604544,6.599852785871452e-28
Fatty acid biosynthesis,0,1,1.8358992704339189e-28,0.04928676236564031,9.22755654249509e-28
Epstein-Barr virus infection,1,2,1.9667274399914454e-28,0.03936079915358301,9.833637199957226e-28
Asthma,1,2,2.784828547260969e-28,0.10083997547382231,1.385199691901829e-27
Salmonella infection,1,2,3.272276461092377e-28,0.015060257327370874,1.619270826107568e-27
Allograft rejection,1,2,3.608100967042777e-28,0.10356743909965778,1.7762958606979824e-27
Platelet activation,1,2,3.972908901995171e-28,0.033849545562992855,1.9459145642425327e-27
Fatty acid biosynthesis,0,2,4.0296186414689666e-28,0.05064729825308001,1.963672028330055e-27
Non-small cell lung cancer,0,2,4.255987251457151e-28,0.02500670879838271,2.0635089704034672e-27
Bile secretion,0,1,5.466797147040947e-28,0.03484272737608283,2.6372488749544262e-27
Thyroid hormone synthesis,0,1,1.036504403971326e-27,0.026151071396650363,4.975221139062364e-27
Autoimmune thyroid disease,1,2,1.2091101368670088e-27,0.08430055694377571,5.77485438503646e-27
RNA polymerase,0,2,1.2571754971906968e-27,-0.039429485440816814,5.9746954321934106e-27
Chemokine signaling pathway,0,2,1.4755164858990173e-27,0.0381758663120209,6.977811953019984e-27
RIG-I-like receptor signaling pathway,0,1,1.7870108796985826e-27,-0.028840436596723182,8.409462963287448e-27
Amino sugar and nucleotide sugar metabolism,0,1,1.867076484018763e-27,-0.04042625998141558,8.743382559307378e-27
Hepatitis B,1,2,1.957547831251692e-27,0.02357119195341864,9.122553000007887e-27
Taurine and hypotaurine metabolism,0,1,2.22174253582308e-27,0.07702568587913702,1.0303733499469356e-26
Hippo signaling pathway,0,2,2.495021010548606e-27,0.027733286035296123,1.1515481587147412e-26
Circadian entrainment,0,2,2.647796074636432e-27,0.038074732505315616,1.2162125510291744e-26
Ferroptosis,0,2,3.3238332890063586e-27,0.041026870681585836,1.5194666464029067e-26
Gap junction,0,1,3.421609735499724e-27,0.0278929259126669,1.556751348852955e-26
Oocyte meiosis,0,2,3.595421017401492e-27,-0.029861494397830285,1.6281151776912418e-26
Phospholipase D signaling pathway,1,2,4.388176683844351e-27,0.02564269267288237,1.9777697730002708e-26
Fluid shear stress and atherosclerosis,1,2,6.839837578514414e-27,0.02800312816386502,3.0683383529784284e-26
Type I diabetes mellitus,1,2,8.518252177785913e-27,0.08120804367688511,3.8034986468253377e-26
Thiamine metabolism,0,1,1.2176083862776543e-26,0.049955238551751664,5.411592827900685e-26
Mismatch repair,0,1,1.301026102165478e-26,-0.05766355202874632,5.755691511884143e-26
Viral carcinogenesis,0,2,1.3368138913355296e-26,-0.022204547097804173,5.886886860927103e-26
"Growth hormone synthesis, secretion and action",0,1,1.4794437893602718e-26,0.024145653254771166,6.485233049250506e-26
Pyruvate metabolism,0,1,1.7782530548276152e-26,0.05951369265132861,7.75964969379323e-26
Basal transcription factors,0,2,2.7323029043243685e-26,-0.027991825463133252,1.1868827095707664e-25
Progesterone-mediated oocyte maturation,0,2,4.180063435513852e-26,-0.033181822665991664,1.8075949991411252e-25
Shigellosis,1,2,4.6183290586706476e-26,0.013421916675293272,1.9881595947640456e-25
Metabolism of xenobiotics by cytochrome P450,0,1,5.74521588286786e-26,0.061957080667340014,2.46223537837194e-25
Arachidonic acid metabolism,0,2,8.294216915392501e-26,0.046577951473678186,3.5388658839008e-25
Synthesis and degradation of ketone bodies,0,1,8.635536528156482e-26,0.07318288225969383,3.668192507535497e-25
Human immunodeficiency virus 1 infection,1,2,8.941500817365423e-26,0.023805687430163425,3.781427658445289e-25
GnRH signaling pathway,0,1,9.734932010288254e-26,0.020798377217288694,4.098918741174002e-25
Olfactory transduction,0,1,1.1816455588883052e-25,0.009715722427311335,4.9536233036365625e-25
Ras signaling pathway,1,2,1.4139298925378566e-25,0.02360219502314838,5.901620421027575e-25
Phospholipase D signaling pathway,0,1,1.519174009430383e-25,0.02491849808735047,6.313450428801591e-25
Focal adhesion,0,1,1.9298008355020817e-25,0.0368077477600508,7.985382767594821e-25
Retinol metabolism,0,2,1.9658059093948343e-25,0.06346622010385225,8.099457824116055e-25
Huntington disease,0,2,2.7181085742537334e-25,-0.016462846972552125,1.115121466360506e-24
Rap1 signaling pathway,1,2,2.741480749854277e-25,0.025641026076529294,1.1199240510043005e-24
Breast cancer,0,1,3.2674530280938736e-25,0.02377964323881815,1.32913343515683e-24
Homologous recombination,0,1,3.446228488955998e-25,-0.04933824599016693,1.3900753568898142e-24
Endometrial cancer,0,2,3.4324870701258497e-25,0.02560895253625778,1.3900753568898142e-24
Serotonergic synapse,0,1,3.9053484195674866e-25,0.021604943651617723,1.5686755158095344e-24
Fc epsilon RI signaling pathway,0,2,4.0173985331065885e-25,0.027322952973267173,1.6069594132426354e-24
Rap1 signaling pathway,0,1,4.252427514989901e-25,0.024072701891326737,1.693913035016724e-24
TGF-beta signaling pathway,0,2,4.659341401645631e-25,0.04222813864156566,1.848333779165209e-24
Antigen processing and presentation,0,1,4.953076886992901e-25,-0.04198103903134581,1.9567711158490475e-24
Apoptosis,1,2,5.169904039979921e-25,0.02490436422390027,2.0340606058937395e-24
Glucagon signaling pathway,0,2,5.655130314774521e-25,0.02837058629476555,2.2158877968096085e-24
Salmonella infection,0,2,5.980326897191126e-25,0.01444459133882331,2.3337861062209274e-24
Antigen processing and presentation,1,2,6.331315828568801e-25,0.04762899884281441,2.460754330132004e-24
Insulin signaling pathway,0,2,6.361118078139871e-25,0.028844108705223054,2.462368288312208e-24
Chagas disease,0,2,7.1675131669899795e-25,0.03365459373773749,2.763378570405775e-24
Neuroactive ligand-receptor interaction,0,2,1.0689380430628738e-24,0.027498278226320727,4.104722085361435e-24
NF-kappa B signaling pathway,0,2,1.2077555767057885e-24,0.04290553132367124,4.619304197759191e-24
Cytosolic DNA-sensing pathway,0,1,1.2880225175240899e-24,-0.03901448609679928,4.906752447710819e-24
Proteasome,0,2,1.4266401434748377e-24,-0.03668602408514504,5.413338093817566e-24
Tryptophan metabolism,0,2,1.6727598793234277e-24,0.04272841860275453,6.322242063584609e-24
"Parathyroid hormone synthesis, secretion and action",0,1,2.101066282975443e-24,0.02574387604966699,7.90989659473108e-24
Primary immunodeficiency,1,2,2.3660384264784124e-24,0.12464101674797329,8.872644099294047e-24
Drug metabolism,0,1,2.394618440855278e-24,0.0374128341462347,8.944878222650066e-24
Long-term potentiation,0,2,2.7295397276031485e-24,0.0319926545285196,1.0156426893407065e-23
FoxO signaling pathway,0,1,2.887021804723529e-24,0.02318499332915555,1.0700930241446285e-23
Fc gamma R-mediated phagocytosis,0,2,3.9811783219037e-24,0.023474091403084235,1.4699735342413663e-23
Notch signaling pathway,0,1,8.014999234698964e-24,0.02798564125542205,2.9480456955214586e-23
Cocaine addiction,0,1,8.403220586235701e-24,0.02716593554636916,3.079042657552013e-23
Thyroid hormone signaling pathway,0,2,9.296877481947175e-24,0.028286228464767332,3.3935370276309076e-23
Ascorbate and aldarate metabolism,0,1,1.1779434475242652e-23,0.061930308370743925,4.283430718270055e-23
Osteoclast differentiation,0,2,1.4356744025262744e-23,0.04290348673983532,5.200933684623484e-23
Intestinal immune network for IgA production,0,2,2.0102949592689233e-23,0.06691731456893665,7.255199853000625e-23
Adrenergic signaling in cardiomyocytes,0,1,2.7450543222702075e-23,0.021084422007653023,9.869858237376026e-23
Small cell lung cancer,0,2,3.0647533641994594e-23,0.0273419943082317,1.0978221006087615e-22
Glutamatergic synapse,0,1,3.2249745593909673e-23,0.02135089380587977,1.150920288853282e-22
Dopaminergic synapse,0,2,3.8674845797099903e-23,0.02466428153573834,1.37510562834133e-22
Cocaine addiction,0,2,7.627199423913318e-23,0.02829304395432007,2.7018861427884817e-22
Mineral absorption,0,1,1.0328533838462162e-22,0.03546057315989319,3.645364884163116e-22
HIF-1 signaling pathway,0,2,1.197748583207869e-22,0.028740774436567362,4.211863149741957e-22
Measles,1,2,1.7056853114199139e-22,0.03265934872835727,5.9761237188434945e-22
Leishmaniasis,0,1,2.1701677788511915e-22,-0.043485895968161326,7.575858427989615e-22
Neurotrophin signaling pathway,0,1,2.3175140744320387e-22,0.016776377271298354,8.0609185197636135e-22
Cholesterol metabolism,0,1,2.442601764833074e-22,0.03451085093786113,8.46533463624459e-22
Proteoglycans in cancer,1,2,2.4571362263370644e-22,0.02519502680238661,8.48507473843015e-22
Progesterone-mediated oocyte maturation,0,1,3.1403930625266863e-22,-0.02874318251723129,1.080565354847892e-21
Aminoacyl-tRNA biosynthesis,0,1,3.3788758712847917e-22,-0.029917879498376765,1.1584717272976427e-21
Lipid and atherosclerosis,0,2,3.392772102827616e-22,0.023840884171339782,1.1590965191154844e-21
ErbB signaling pathway,0,1,4.2095804386887074e-22,0.02237510785304747,1.4330486599791344e-21
Aldosterone-regulated sodium reabsorption,0,2,4.332823272454942e-22,0.04402876632672152,1.4697916401260579e-21
Hypertrophic cardiomyopathy,0,2,4.817390171749296e-22,0.039768888815900634,1.6284135791828606e-21
Synaptic vesicle cycle,0,2,5.760134131709428e-22,-0.03262864383715054,1.940255707523176e-21
Yersinia infection,0,2,5.917628582877406e-22,0.02084332186181098,1.979415832600108e-21
MicroRNAs in cancer,0,2,5.912604474165291e-22,0.029021916314718676,1.979415832600108e-21
Morphine addiction,0,1,9.183222212625965e-22,0.030920086467564036,3.0610740708753218e-21
Bladder cancer,0,1,9.451262387471774e-22,-0.037929791315270966,3.1395196858037726e-21
Human immunodeficiency virus 1 infection,0,1,9.86968212103143e-22,-0.019413414732520673,3.267205115927646e-21
Regulation of actin cytoskeleton,1,2,1.2250967334833311e-21,0.023191305583638577,4.0415562341718144e-21
Glycerolipid metabolism,0,2,1.5287371969565798e-21,0.03241233968795876,5.025985305062729e-21
Proximal tubule bicarbonate reclamation,0,2,2.2352076995439338e-21,0.0570006953677487,7.323547411475004e-21
Ovarian steroidogenesis,0,1,2.343999600003348e-21,0.042073387004556456,7.65387624490889e-21
Measles,0,1,2.4687641559115664e-21,-0.028992926471921088,8.033944371780012e-21
Non-homologous end-joining,0,2,2.518435711492881e-21,-0.03261150608035554,8.167899604841776e-21
Long-term depression,0,2,2.9886389923329156e-21,0.032016074794196964,9.660247247944778e-21
Carbohydrate digestion and absorption,0,2,3.2216982488639e-21,0.026781936860215745,1.037862523123941e-20
Circadian rhythm,0,2,3.2381612542118922e-21,0.048451492260908585,1.0396771919877646e-20
Viral protein interaction with cytokine and cytokine receptor,0,2,3.5192836887528406e-21,0.07462261288222824,1.126170780400909e-20
African trypanosomiasis,0,2,3.9320545265706144e-21,0.07145504995055907,1.2540771911986013e-20
Amino sugar and nucleotide sugar metabolism,0,2,3.948061218884843e-21,-0.03761342512600177,1.2550128377912083e-20
PI3K-Akt signaling pathway,1,2,4.0304929681709405e-21,0.025808145262158355,1.2769878711036643e-20
Thyroid hormone signaling pathway,0,1,4.055039780932881e-21,0.0192524028540782,1.280538878189331e-20
Pancreatic secretion,0,2,4.591870366581199e-21,0.03344746833796243,1.4453100170222792e-20
Serotonergic synapse,0,2,4.71838810571269e-21,0.02685842803874851,1.4802786214000597e-20
N-Glycan biosynthesis,0,1,5.059794698564258e-21,-0.023484877017141637,1.5822159317985953e-20
Influenza A,0,1,6.0853722637314186e-21,-0.03041700408046455,1.896739406877325e-20
Taurine and hypotaurine metabolism,0,2,6.242678211816732e-21,0.06496399122142482,1.939472842506169e-20
Mannose type O-glycan biosynthesis,0,2,6.739729811733398e-21,-0.039519864280710526,2.0871421352464715e-20
Oocyte meiosis,0,1,6.828512670004682e-21,-0.02233384726167925,2.1078367084258826e-20
Long-term potentiation,0,1,7.364669135632215e-21,0.019693848908314937,2.266052041732989e-20
Type II diabetes mellitus,0,2,1.0064140583883851e-20,0.03345860829865546,3.086765163108146e-20
beta-Alanine metabolism,0,2,1.024501152961266e-20,0.043440361111330775,3.1322328243401764e-20
VEGF signaling pathway,1,2,1.1267106280940372e-20,0.022707426038994366,3.433784771334209e-20
Human T-cell leukemia virus 1 infection,0,1,1.3169113602669907e-20,-0.022556022537873643,4.00074337296301e-20
Type II diabetes mellitus,0,1,1.4845216302076017e-20,0.029676617318699985,4.495712192426806e-20
Endocrine and other factor-regulated calcium reabsorption,0,2,1.5363827927282368e-20,0.026217221707560273,4.6381367327644887e-20
Adherens junction,0,1,1.723606402853105e-20,0.02597649562315868,5.18702867316295e-20
Apoptosis,0,1,2.010214275819694e-20,-0.01897104655064305,6.030642827459083e-20
Signaling pathways regulating pluripotency of stem cells,0,1,3.058986801120391e-20,0.0199011521421443,9.148371741668459e-20
Bacterial invasion of epithelial cells,1,2,3.2206334956717586e-20,0.019236202218193443,9.601888682748101e-20
Central carbon metabolism in cancer,0,2,3.9025221651293365e-20,0.023506794815212506,1.1598827487690906e-19
Pathogenic Escherichia coli infection,0,2,5.289507564088219e-20,0.0168920540810574,1.5672615004705833e-19
Relaxin signaling pathway,1,2,5.981033601760284e-20,0.022472745091635743,1.7667053100584224e-19
Human papillomavirus infection,0,2,6.856565714776434e-20,0.018861358562888897,2.0191113761304833e-19
Tuberculosis,0,1,7.709556587592695e-20,-0.026675593394489105,2.2633560624125345e-19
Viral myocarditis,0,2,7.905522193556099e-20,0.04192867805306005,2.3138113737237363e-19
Pancreatic secretion,0,1,9.060683021856703e-20,0.02696954241696003,2.6438467176238405e-19
Type I diabetes mellitus,0,1,1.326368052009347e-19,-0.05807451943572836,3.8534364426029425e-19
Glycerolipid metabolism,0,1,1.3286327734391396e-19,0.025447138490827706,3.8534364426029425e-19
Ribosome biogenesis in eukaryotes,0,2,1.3573104972226456e-19,-0.0331261786301561,3.9129671992004197e-19
Bacterial invasion of epithelial cells,0,2,1.3539753226935725e-19,0.018336230348624194,3.9129671992004197e-19
Oxidative phosphorylation,0,2,1.9529514815455333e-19,-0.03069969457083621,5.613273719412312e-19
Endocrine and other factor-regulated calcium reabsorption,0,1,2.0039952273925206e-19,0.020391277718099024,5.742792293423343e-19
Human papillomavirus infection,1,2,2.077146201532169e-19,0.01792524235115428,5.934703432949055e-19
Cushing syndrome,0,2,2.1361333576626912e-19,0.017465893243276034,6.085127665745352e-19
Various types of N-glycan biosynthesis,0,1,2.485413143743193e-19,-0.02245933698451613,7.059161591696641e-19
Various types of N-glycan biosynthesis,0,2,2.613950415701519e-19,-0.026035232986525103,7.402337460393682e-19
p53 signaling pathway,0,1,3.2695323843793156e-19,-0.023802548870803325,9.231620850012184e-19
T cell receptor signaling pathway,0,2,3.9397739442867767e-19,0.021701806842793547,1.1091445708256028e-18
JAK-STAT signaling pathway,0,1,3.995325071401896e-19,0.029689958924696072,1.1214947568847427e-18
Axon guidance,0,1,4.987782419858735e-19,0.017387639896924822,1.395997411972124e-18
Primary immunodeficiency,0,1,5.082779852363689e-19,-0.09799955872709254,1.4184501913573085e-18
Cholinergic synapse,0,2,6.257238724144541e-19,0.02421890467176718,1.7411446884576116e-18
Dilated cardiomyopathy,0,2,8.887103164777435e-19,0.037652123916294855,2.4657858491868027e-18
MAPK signaling pathway,1,2,1.2619051419865517e-18,0.018254170640019107,3.491149672354725e-18
Glycosylphosphatidylinositol (GPI)-anchor biosynthesis,1,2,1.3104412022191917e-18,-0.03912591926992906,3.61501021301846e-18
Adherens junction,1,2,1.3383500576621647e-18,0.024755911558896226,3.681421362050654e-18
Shigellosis,0,2,2.1797042437760383e-18,0.010156015079364339,5.978617354357134e-18
N-Glycan biosynthesis,0,2,2.646782732113095e-18,-0.024633749520534043,7.239063882702483e-18
Prolactin signaling pathway,0,1,2.9421835208322122e-18,0.018359285917924545,8.024136874996943e-18
Protein export,0,2,3.360228096970014e-18,-0.0228247403758024,9.138297374196072e-18
Pancreatic cancer,1,2,5.608905880071482e-18,0.018270434367887167,1.5210592217143e-17
Gastric cancer,0,1,5.726380364006721e-18,0.016823781592399528,1.5485422956187188e-17
Melanogenesis,0,1,5.845549733281313e-18,0.016625915631427762,1.5763280179635e-17
Rheumatoid arthritis,0,1,6.613531641771771e-18,-0.041631706717203704,1.7784286767789635e-17
Bile secretion,0,2,6.7176211927009006e-18,0.032589991831171054,1.8013732807242638e-17
Fat digestion and absorption,0,1,7.86594359650238e-18,0.03610891583376223,2.103427814106486e-17
Small cell lung cancer,1,2,8.516792837464767e-18,0.024298321330935957,2.2711447566572713e-17
Allograft rejection,0,1,1.3561751373314813e-17,-0.06597495070157755,3.606449118665435e-17
Coronavirus disease,0,2,1.5245162006884996e-17,0.02092666964108808,4.042915891328618e-17
Histidine metabolism,0,2,1.5619087763774758e-17,0.048776080717761475,4.130667838353655e-17
Hedgehog signaling pathway,0,1,1.734877967854702e-17,0.033464002089083456,4.5755023328036095e-17
Glycerophospholipid metabolism,0,1,1.791594347979923e-17,0.015241446339130618,4.7121385590704826e-17
B cell receptor signaling pathway,0,1,1.8140551516744933e-17,-0.035445525021947366,4.758177447015065e-17
Hedgehog signaling pathway,0,2,2.4552337550453853e-17,0.036594307662604214,6.422409822462044e-17
Nucleotide excision repair,0,1,2.810644957714816e-17,-0.021499495242009947,7.332117280995172e-17
Insulin secretion,0,1,2.84574967968808e-17,0.017703050178902023,7.403576402440533e-17
MicroRNAs in cancer,1,2,2.916699885557482e-17,0.025788268039134005,7.567653757122115e-17
Choline metabolism in cancer,1,2,3.0321395121062817e-17,0.017970430449478075,7.845967470679326e-17
Renin-angiotensin system,0,2,4.0047638552665747e-17,0.058582322750396695,1.0334874465204064e-16
Toll-like receptor signaling pathway,0,1,4.077425663048592e-17,-0.02855348294138721,1.0494178650205491e-16
Arrhythmogenic right ventricular cardiomyopathy,0,1,4.926798935044724e-17,0.029042497210578833,1.26463288172271e-16
Amyotrophic lateral sclerosis,0,1,4.954121758568034e-17,-0.009368476813690796,1.2682551701934168e-16
Ovarian steroidogenesis,0,2,5.671409320078205e-17,0.042077070611331535,1.4480194008710311e-16
Sphingolipid signaling pathway,1,2,6.795977524875814e-17,0.015166833226735815,1.7305406959895973e-16
Metabolism of xenobiotics by cytochrome P450,0,2,6.991180069661662e-17,0.050495607253617514,1.7755377954696286e-16
Phagosome,0,1,7.489253364421433e-17,-0.02734100438908449,1.897014044813872e-16
Vitamin digestion and absorption,0,1,7.601697115023645e-17,0.031091095636790283,1.920428744848079e-16
Autophagy,0,1,1.3252842456903562e-16,0.013371910167844503,3.3392988867788505e-16
Non-homologous end-joining,0,1,1.3480255078129967e-16,-0.02359403278227898,3.3877080824619816e-16
Focal adhesion,1,2,1.7331521532741117e-16,0.0314846851342368,4.344193386796729e-16
Inflammatory bowel disease,0,2,1.779699994711937e-16,0.03914399208273263,4.449249986779842e-16
Neuroactive ligand-receptor interaction,0,1,1.9710251278189188e-16,0.018811232708792924,4.91476395508094e-16
Regulation of actin cytoskeleton,0,1,2.2120696825568379e-16,0.016724429499389154,5.501520454027369e-16
Lysosome,0,1,2.2666311558144847e-16,-0.01932230703340032,5.62265092915221e-16
Ferroptosis,1,2,2.6116193813451596e-16,0.02705942906588321,6.461738675493178e-16
Olfactory transduction,0,2,2.636449402887019e-16,0.008191690858515122,6.506404696070793e-16
HIF-1 signaling pathway,1,2,2.969182113923226e-16,0.018504096651829033,7.308755972734095e-16
Fat digestion and absorption,0,2,3.140253282337916e-16,0.041968562665850695,7.710084785279794e-16
Necroptosis,1,2,3.434595443139982e-16,0.017385553639427703,8.411254146465263e-16
Autoimmune thyroid disease,0,1,3.5117635850853114e-16,-0.0524752533808104,8.578353795628242e-16
Ubiquinone and other terpenoid-quinone biosynthesis,0,1,3.84297240314335e-16,0.04798042774295905,9.363587581262985e-16
GABAergic synapse,0,1,3.907031018320882e-16,0.015278309921635369,9.495569057184929e-16
Inflammatory mediator regulation of TRP channels,0,1,3.9525690054906164e-16,0.01670602457386486,9.58198546785604e-16
Pyruvate metabolism,0,2,6.792641883694264e-16,0.04840934476323869,1.6425532010948349e-15
Non-small cell lung cancer,1,2,9.64601268021246e-16,0.019841585819792396,2.3266764253778798e-15
Steroid hormone biosynthesis,0,1,9.71421759408885e-16,0.04229501424283416,2.3372553609837834e-15
Natural killer cell mediated cytotoxicity,0,1,9.886092256221169e-16,-0.02992770070375668,2.3726621414930804e-15
Hepatitis C,1,2,1.0054059803114672e-15,0.02055517496944745,2.4069569603466544e-15
GABAergic synapse,0,2,1.0707923281767312e-15,0.020537500998752053,2.5571160075862236e-15
Phosphatidylinositol signaling system,0,2,1.820854256412574e-15,0.021394049246202834,4.337518824208614e-15
Steroid biosynthesis,0,2,1.839597620309442e-15,-0.04498879467725134,4.37132107796303e-15
Estrogen signaling pathway,0,2,1.8655104015958594e-15,0.021682535214355092,4.421950581560556e-15
IL-17 signaling pathway,1,2,2.9574308210310103e-15,0.03844784533614676,6.9929398723885955e-15
Glycolysis / Gluconeogenesis,0,1,3.0627009802131917e-15,0.024904515464375443,7.224061280109739e-15
Glutamatergic synapse,0,2,3.098847047173065e-15,0.025548551424329415,7.2914048168778e-15
Epithelial cell signaling in Helicobacter pylori infection,1,2,3.2029995806360395e-15,0.020628558842486155,7.518043025453785e-15
Nitrogen metabolism,0,2,3.463600610069748e-15,0.04719332260077593,8.109894111382824e-15
RNA polymerase,0,1,4.115837307989363e-15,-0.025079529107402743,9.613634588004352e-15
Graft-versus-host disease,0,1,4.385140905478772e-15,-0.0570799121503152,1.0217804051601024e-14
Chronic myeloid leukemia,1,2,5.594682357882152e-15,0.017109040105586837,1.297317648204557e-14
Asthma,0,1,5.592148179900946e-15,-0.052886938157296545,1.297317648204557e-14
Inositol phosphate metabolism,0,1,5.7111853645428635e-15,0.017859824263850327,1.3211416746894334e-14
RNA transport,0,1,5.943614147098901e-15,-0.018274705821808457,1.371603264715131e-14
Hippo signaling pathway,1,2,6.092444860998968e-15,0.018847900949763796,1.4025772341868127e-14
Glioma,1,2,6.2340627161879745e-15,0.019441576334968957,1.43174646113408e-14
Adipocytokine signaling pathway,1,2,1.4277974439378503e-14,0.021840273435030783,3.271325885871924e-14
mRNA surveillance pathway,0,2,1.8778332888822744e-14,-0.015786420018515157,4.292190374588056e-14
Mitophagy,0,1,1.998007004831921e-14,0.011718161967411933,4.556025474201055e-14
Adrenergic signaling in cardiomyocytes,0,2,2.236283047386913e-14,0.01938787193847495,5.075252306126328e-14
Tryptophan metabolism,0,1,2.2329799321506288e-14,0.028607952984902194,5.075252306126328e-14
Systemic lupus erythematosus,0,2,2.5709850687806252e-14,-0.04430189171795879,5.821098268937264e-14
Pertussis,0,2,2.8725907038871184e-14,0.030296094346245056,6.488675472309726e-14
Complement and coagulation cascades,0,2,3.0736187475638586e-14,0.05708851076628075,6.926464783242499e-14
Basal cell carcinoma,0,2,3.377680225854333e-14,0.024325310645605724,7.576105179486353e-14
Autophagy,0,2,3.370212496250955e-14,0.015428680402566453,7.576105179486353e-14
Synaptic vesicle cycle,0,1,3.5397387537677524e-14,-0.016924150885610882,7.92109371472504e-14
Phosphatidylinositol signaling system,0,1,4.076677307417663e-14,0.017313095193937478,9.101419104932456e-14
Chronic myeloid leukemia,0,2,4.241849720223153e-14,0.017009710507631504,9.44820355316526e-14
Complement and coagulation cascades,1,2,4.30038844209433e-14,0.05159772802274352,9.556418760209621e-14
VEGF signaling pathway,0,2,4.606563089795068e-14,0.01906922539177794,1.0213165279915162e-13
Tight junction,0,2,7.32149623855118e-14,0.014978517033602312,1.6195014721219198e-13
Salivary secretion,0,1,7.463350685590792e-14,0.02016339434339144,1.6470842892338299e-13
Drug metabolism,0,2,7.961847415241044e-14,0.02864035362605742,1.7530673207870188e-13
Cytosolic DNA-sensing pathway,1,2,8.017750194433082e-14,0.030477527996280215,1.7613364271523475e-13
Axon guidance,1,2,8.469298115143078e-14,0.016797718634201403,1.856284518387524e-13
Alcoholism,0,2,8.609887365207683e-14,-0.02564379584668871,1.882799970523776e-13
NOD-like receptor signaling pathway,0,2,8.64883828719652e-14,0.019304833460841386,1.887019262661059e-13
Colorectal cancer,1,2,8.675636054519549e-14,0.01729532806443229,1.888573834997453e-13
Melanogenesis,1,2,9.24643741068774e-14,0.017904530457521634,2.0082759987014097e-13
Cortisol synthesis and secretion,0,1,1.0227728708496582e-13,0.024435116902495488,2.2163926772362795e-13
Prostate cancer,1,2,1.1504006201018162e-13,0.021861043594312596,2.481763135500547e-13
ABC transporters,0,2,1.1500094567419268e-13,0.03487414978236035,2.481763135500547e-13
Inositol phosphate metabolism,0,2,1.1633868979704798e-13,0.01981997104082331,2.5041511705194186e-13
Ribosome,0,2,1.2400947484142017e-13,-0.01574322409688378,2.663290734849292e-13
Riboflavin metabolism,0,1,1.2969894608787887e-13,-0.045247363522627315,2.7792631304545473e-13
Glycerophospholipid metabolism,0,2,1.4062463514130666e-13,0.01423744685468091,3.006673713488962e-13
Ether lipid metabolism,0,1,1.5994503189098154e-13,0.020425856886326345,3.4121606803409395e-13
Hypertrophic cardiomyopathy,0,1,1.8322376400615564e-13,0.02593065680811653,3.9001067282906747e-13
Inflammatory mediator regulation of TRP channels,1,2,1.8688441537235954e-13,0.01694162212401314,3.9692265211828576e-13
Inflammatory bowel disease,0,1,1.9496533307888125e-13,-0.034538988216912356,4.131715667896821e-13
Natural killer cell mediated cytotoxicity,0,2,2.559663173455063e-13,0.018871961275821747,5.41250362668912e-13
Melanoma,1,2,2.6174442335321667e-13,0.020822609166436384,5.522519701518417e-13
Proteoglycans in cancer,0,1,2.7152407434608375e-13,0.015370493400990753,5.716296302022816e-13
Staphylococcus aureus infection,0,2,2.9507968868311785e-13,0.04674765324268067,6.198610528135517e-13
Prostate cancer,0,1,3.679510236775262e-13,0.017663629237162193,7.712510539965615e-13
T cell receptor signaling pathway,0,1,3.87965511451663e-13,-0.02731381487937673,8.114311350623017e-13
Arachidonic acid metabolism,0,1,3.98404069336407e-13,0.028389516229659992,8.314519707890233e-13
"Parathyroid hormone synthesis, secretion and action",1,2,4.012759855796431e-13,0.01992855625058626,8.356289504478468e-13
Collecting duct acid secretion,0,2,4.779048728431666e-13,-0.022229675655367764,9.930490864273592e-13
Spliceosome,0,2,5.143978894278739e-13,-0.01791985951902836,1.0665701379066068e-12
Riboflavin metabolism,0,2,5.190032781182646e-13,-0.048622220378668646,1.0737998857619268e-12
Legionellosis,1,2,5.346623468872225e-13,0.024586681479962763,1.103819038734911e-12
Necroptosis,0,1,5.950456723304722e-13,-0.013093268010777953,1.2258451618825179e-12
Citrate cycle (TCA cycle),0,1,6.571554112649944e-13,0.02819769048530496,1.3508976334355344e-12
ABC transporters,0,1,6.769239485862703e-13,0.030651346789323294,1.3885619458179905e-12
Dilated cardiomyopathy,0,1,6.942992880415623e-13,0.025693170762660318,1.4211669861831553e-12
Mitophagy,0,2,7.010540380946073e-13,0.01320878514887297,1.4319401629166447e-12
Estrogen signaling pathway,0,1,7.056398568340486e-13,0.015621398371721495,1.438246841954749e-12
Long-term depression,0,1,8.055265004568738e-13,0.017686130232319533,1.6383589839800825e-12
Hepatitis B,0,2,9.384889651762098e-13,0.013738753110349888,1.9047556164252882e-12
Colorectal cancer,0,2,1.346410188461243e-12,0.0165809275038859,2.7269067108075807e-12
Gap junction,1,2,1.6612391778995213e-12,0.018659675743020993,3.3503983419822278e-12
Ribosome biogenesis in eukaryotes,0,1,1.6578454728958174e-12,-0.02490538118564517,3.3503983419822278e-12
Viral myocarditis,0,1,2.0654241533894746e-12,-0.029690863610438434,4.1568284848090055e-12
Fructose and mannose metabolism,0,2,2.5119623056988776e-12,-0.03357399031207792,5.044945216466365e-12
Lysine degradation,0,1,2.6282579215599598e-12,0.019891714112645842,5.267489780161924e-12
Butanoate metabolism,1,2,2.6994911435419834e-12,-0.034106341112169064,5.398982287083967e-12
Starch and sucrose metabolism,0,2,3.1156971021827544e-12,0.028807590846761683,6.218439122859551e-12
Sphingolipid signaling pathway,0,2,3.1729758325488124e-12,0.01281148273174132,6.319619915449917e-12
ECM-receptor interaction,1,2,3.801419560059437e-12,0.040873335709874115,7.555616516888321e-12
Neutrophil extracellular trap formation,0,2,3.835009373169595e-12,-0.02614712013562213,7.6066301616587e-12
Thiamine metabolism,0,2,4.013453882228441e-12,0.03369693197423546,7.944156138019181e-12
"Valine, leucine and isoleucine degradation",0,2,4.180106914856181e-12,0.03156119548655051,8.25700131329616e-12
Wnt signaling pathway,1,2,4.382871356189889e-12,0.017034845974265883,8.639746410559123e-12
Central carbon metabolism in cancer,1,2,5.058681912472548e-12,0.017448806362421965,9.951505401585342e-12
Sulfur relay system,0,2,5.943427951347887e-12,-0.05881195826854624,1.1668079413689102e-11
Ubiquitin mediated proteolysis,0,2,6.164916749321406e-12,-0.012963006528961318,1.2053605049589714e-11
Endocytosis,0,2,6.162035585167817e-12,0.008682118779119619,1.2053605049589714e-11
Fatty acid elongation,1,2,7.005010447954614e-12,-0.025990881690060308,1.3668313069179735e-11
Nucleotide excision repair,1,2,7.772073052482885e-12,-0.019090150904489317,1.5134259899358154e-11
Glyoxylate and dicarboxylate metabolism,1,2,8.451401090038383e-12,-0.022168415979041234,1.642377539764544e-11
Glycosphingolipid biosynthesis,0,1,8.862196621867583e-12,-0.025826124369443374,1.7187290418167433e-11
Yersinia infection,0,1,1.0537759009255596e-11,-0.015109595969666184,2.0395662598559215e-11
Fluid shear stress and atherosclerosis,0,1,1.0570095603063204e-11,0.01485821927890868,2.0417086074327316e-11
Fc gamma R-mediated phagocytosis,0,1,1.3914076560239523e-11,-0.01578585995527762,2.682231626070269e-11
Human T-cell leukemia virus 1 infection,0,2,2.3324116392559783e-11,0.0151010987563161,4.487204756885249e-11
Protein digestion and absorption,1,2,2.5555636889176974e-11,0.03177871796990466,4.9066822827219786e-11
Vitamin B6 metabolism,0,2,2.607039688681806e-11,0.0557931248064233,4.995525151965137e-11
Wnt signaling pathway,0,1,2.8381567517665266e-11,0.013842781128596146,5.4275507603503294e-11
Vascular smooth muscle contraction,1,2,2.8567961879895205e-11,0.017716050563049215,5.452334672902465e-11
Starch and sucrose metabolism,0,1,3.012660671542069e-11,0.025105966310501243,5.73840127912775e-11
Glycosaminoglycan biosynthesis,0,1,3.3733912358640904e-11,-0.02572699202379425,6.41278333946441e-11
Apelin signaling pathway,1,2,3.612484249248626e-11,0.01636265428549072,6.853725057863006e-11
Peroxisome,1,2,3.987211955459262e-11,-0.023838669844827187,7.549750448206887e-11
Vibrio cholerae infection,0,1,4.177915492274584e-11,-0.01189794700504232,7.89527337122756e-11
Renin secretion,1,2,5.805277529088377e-11,0.02250708308236358,1.094904995663034e-10
Hepatocellular carcinoma,0,1,5.84401727708965e-11,0.010727510393491652,1.1000503109815811e-10
One carbon pool by folate,0,2,5.943035371160078e-11,-0.029262177108691438,1.1164997957561007e-10
Cholesterol metabolism,1,2,6.278397924044237e-11,0.025883882873859204,1.1771996107582944e-10
ErbB signaling pathway,1,2,6.80650521936664e-11,0.014309008275271345,1.2737319708756286e-10
Neurotrophin signaling pathway,1,2,7.110668555361121e-11,0.012136133107991498,1.3280626095616102e-10
Renal cell carcinoma,0,2,7.640753378607612e-11,0.015963522317926915,1.4242957754297684e-10
Pathways in cancer,0,1,8.693198559842535e-11,0.009917282688081036,1.6173392669474483e-10
Gastric cancer,1,2,9.668504889868096e-11,0.013612493221627012,1.795312319975507e-10
GnRH signaling pathway,1,2,1.103444051470076e-10,0.013481821155586715,2.0449928367012993e-10
Vasopressin-regulated water reabsorption,0,1,1.2756750932216385e-10,0.015089787017607048,2.359630230236557e-10
Endometrial cancer,0,1,1.2927660463785202e-10,0.012060351686390414,2.386645008698807e-10
Propanoate metabolism,1,2,1.31640650604629e-10,-0.027559095236585257,2.425624272177425e-10
Mannose type O-glycan biosynthesis,0,1,1.3327894982440318e-10,-0.02239362279731398,2.451107123207415e-10
Renal cell carcinoma,1,2,1.5567750067539256e-10,0.01573141036901865,2.8575602418427695e-10
Ascorbate and aldarate metabolism,0,2,1.6437106521350538e-10,0.049880126186465285,3.011378293987885e-10
Cushing syndrome,0,1,1.7077638737553588e-10,0.010933440070063014,3.122768226295513e-10
Oxytocin signaling pathway,1,2,2.0316546397596784e-10,0.013551831746459075,3.707962840626029e-10
Prion disease,0,1,2.658447093241002e-10,-0.011090217514728495,4.842711972507328e-10
Cortisol synthesis and secretion,0,2,2.887690063386203e-10,0.02293181383264134,5.250345569793095e-10
Ubiquinone and other terpenoid-quinone biosynthesis,1,2,3.3717155982092797e-10,-0.03511544819158749,6.118803354028182e-10
Endometrial cancer,1,2,3.564968862200716e-10,0.013548600849867365,6.457302090023938e-10
RNA degradation,0,2,4.236880467591098e-10,-0.015458304363410419,7.659896890560177e-10
Cellular senescence,1,2,5.200126823018274e-10,0.015606668173003269,9.383687500183352e-10
IL-17 signaling pathway,0,1,5.298755687440299e-10,-0.024993768286449003,9.543725065558512e-10
Tuberculosis,0,2,5.413950649661908e-10,0.017184369098432323,9.732944988156238e-10
"Glycine, serine and threonine metabolism",0,1,6.6092339305278e-10,0.022143295466689097,1.185955995010596e-09
Basal transcription factors,0,1,7.62292208528504e-10,-0.014224677462742058,1.3652994779614996e-09
NOD-like receptor signaling pathway,0,1,7.863626475054483e-10,-0.01616307962949723,1.4057879731940978e-09
Parkinson disease,0,2,8.072802137947706e-10,-0.010938594076420838,1.4405000097453156e-09
Huntington disease,0,1,8.17755096092887e-10,-0.009074349172314977,1.456484030146886e-09
D-Glutamine and D-glutamate metabolism,0,1,8.254872202411787e-10,0.028673442622949713,1.4675328359843177e-09
Glycosaminoglycan biosynthesis,1,2,8.344766972827038e-10,0.021540304777398794,1.4807719582096036e-09
Linoleic acid metabolism,0,1,8.580341013938513e-10,0.023810892945462042,1.51976519804077e-09
B cell receptor signaling pathway,0,2,8.775741184734337e-10,0.016314661301738115,1.5515122536546893e-09
Endocytosis,1,2,8.939783348930928e-10,0.007746902129167954,1.574714131187833e-09
Asthma,0,2,8.925776091046127e-10,0.04795303731652577,1.574714131187833e-09
Prolactin signaling pathway,1,2,9.309826910666283e-10,0.014728727431748273,1.6368926436336323e-09
Nicotine addiction,0,1,1.0757106745637086e-09,0.01980039087395996,1.887901732323876e-09
Rheumatoid arthritis,0,2,1.099586704794951e-09,0.0311807839926405,1.926283278472907e-09
Graft-versus-host disease,0,2,1.1026603204793586e-09,0.040437915796986815,1.9281491942808455e-09
Breast cancer,1,2,1.1655991326500303e-09,0.014313708256835894,2.034500304261871e-09
Hepatitis C,0,1,1.183110838325779e-09,-0.01328439927913333,2.061318339006802e-09
Propanoate metabolism,0,2,1.1912712227899719e-09,0.03381366537409913,2.0717760396347338e-09
Protein processing in endoplasmic reticulum,0,2,1.872395734303536e-09,-0.008813031895636758,3.2504519076517076e-09
FoxO signaling pathway,1,2,2.33169872887014e-09,0.013756438100826718,4.04048877204934e-09
ECM-receptor interaction,0,1,2.6953954895539718e-09,0.030111720062183434,4.662305711660924e-09
Autoimmune thyroid disease,0,2,2.757098951240258e-09,0.031825303562965306,4.760458620846488e-09
TGF-beta signaling pathway,0,1,3.682642314652108e-09,0.02011401557103143,6.338234477158485e-09
Cellular senescence,0,1,3.68409878984837e-09,-0.012832802801726884,6.338234477158485e-09
Pathways of neurodegeneration,0,2,4.654692207324622e-09,-0.0063442411027405665,7.993746903455523e-09
Thermogenesis,1,2,4.706112227098187e-09,-0.009523844754221245,8.06762096073975e-09
Butanoate metabolism,0,2,4.917568692274161e-09,0.030053966050241687,8.415090810308724e-09
Fanconi anemia pathway,1,2,4.9802668860770825e-09,-0.028890168057312662,8.507217456644127e-09
Steroid biosynthesis,0,1,5.067437249756576e-09,-0.030110001352496946,8.64074557684958e-09
Mucin type O-glycan biosynthesis,0,2,5.235677308889409e-09,0.023991523947449588,8.91179116406708e-09
Protein processing in endoplasmic reticulum,0,1,5.878461863736394e-09,-0.007218263312980588,9.988182989711395e-09
Hepatocellular carcinoma,1,2,6.0441319650530064e-09,0.010658386433147066,1.0251531248146442e-08
Oxidative phosphorylation,1,2,6.380665861962572e-09,-0.01645831082328658,1.080324378744986e-08
Collecting duct acid secretion,0,1,8.498726868487707e-09,-0.015574436607986047,1.4364045411528519e-08
Maturity onset diabetes of the young,0,1,9.747920147873078e-09,-0.019556850293820316,1.6446403061437884e-08
Primary bile acid biosynthesis,0,1,1.0067991514459498e-08,0.022362213883576048,1.6956617287510734e-08
Neutrophil extracellular trap formation,1,2,1.009398921370275e-08,0.022016263913108805,1.6970629851409177e-08
RIG-I-like receptor signaling pathway,0,2,1.0444037409096531e-08,-0.014553608222880002,1.7528454392889283e-08
Allograft rejection,0,2,1.4118387111220877e-08,0.03759248839808023,2.365384228057948e-08
Spliceosome,0,1,1.4662696549992974e-08,-0.012431159590846674,2.452297680835062e-08
Steroid hormone biosynthesis,0,2,1.5307634804217073e-08,0.03252831506142764,2.5546738816883418e-08
Cholinergic synapse,1,2,1.532804329013005e-08,0.013924043263524716,2.5546738816883418e-08
Basal transcription factors,1,2,1.590160478177054e-08,-0.013767148000391194,2.645674279116069e-08
Cholinergic synapse,0,1,1.6658219909935996e-08,0.010294861408242463,2.7667631684322764e-08
TGF-beta signaling pathway,1,2,1.719657258242833e-08,0.02211412307053423,2.8512451950140235e-08
Glyoxylate and dicarboxylate metabolism,0,1,1.759343462753305e-08,0.019814672854036763,2.912016765936505e-08
Staphylococcus aureus infection,0,1,1.7837681174448783e-08,-0.02833446603556017,2.947362121767785e-08
Renin-angiotensin system,0,1,1.8062178534217278e-08,0.03721661454163573,2.9793284180152214e-08
Salivary secretion,1,2,2.16282864669822e-08,0.016726014039939563,3.560054426193625e-08
Alcoholism,0,1,2.1694081659617403e-08,-0.01684483057225529,3.560054426193625e-08
Bladder cancer,0,2,2.165779535964705e-08,-0.017774785815455496,3.560054426193625e-08
Morphine addiction,1,2,2.1875885213188124e-08,0.014148000522647627,3.583762765300443e-08
Hepatitis B,0,1,2.3827074864415012e-08,-0.009832438843068753,3.896761817689678e-08
Synthesis and degradation of ketone bodies,0,2,2.4886423141613755e-08,0.03797714273744776,4.063089492508368e-08
Synaptic vesicle cycle,1,2,3.112283764331418e-08,-0.01570449295153966,5.072652654937456e-08
Retrograde endocannabinoid signaling,0,1,3.33209524156427e-08,0.009100932063629205,5.4217142913588125e-08
Huntington disease,1,2,3.690156304425735e-08,-0.007388497800237148,5.99416252495551e-08
Leishmaniasis,0,2,3.9746903502200194e-08,0.02458981325680404,6.445443811167599e-08
Epithelial cell signaling in Helicobacter pylori infection,0,1,4.1362843852584306e-08,0.01277161376734326,6.696177082374526e-08
Primary bile acid biosynthesis,0,2,4.151990816456136e-08,0.026859191065342635,6.710288188211936e-08
Glycolysis / Gluconeogenesis,0,2,4.3188681340333515e-08,0.01852250157852023,6.96825782970087e-08
Protein digestion and absorption,0,2,4.388208712122116e-08,0.026034854310199324,7.06825564368663e-08
NF-kappa B signaling pathway,0,1,4.8925664882161815e-08,-0.024705099545332093,7.8674435991416e-08
Pathways of neurodegeneration,0,1,6.034448136800269e-08,-0.00547650464539845,9.687408380147588e-08
Protein export,1,2,6.102959016418346e-08,-0.012202893958034533,9.78103615319134e-08
Ubiquitin mediated proteolysis,0,1,6.460894900005796e-08,-0.008398232699774077,1.0337431840009274e-07
Gastric acid secretion,1,2,6.709534230037383e-08,0.013181584570555724,1.0717392447314288e-07
D-Glutamine and D-glutamate metabolism,0,2,7.186633793313745e-08,0.029236038179319385,1.146041269365647e-07
Peroxisome,0,1,7.942832769526428e-08,0.018047961965725695,1.2645305901733615e-07
RIG-I-like receptor signaling pathway,1,2,8.577639348194505e-08,0.01428682837384318,1.3633334063355504e-07
mTOR signaling pathway,0,1,8.91648294711898e-08,0.006949783788522762,1.4148468808651603e-07
Base excision repair,1,2,9.36651253130779e-08,-0.019001586176752794,1.4838039653556894e-07
One carbon pool by folate,0,1,1.0200486584280902e-07,-0.0239069987949452,1.613256527332729e-07
Tight junction,1,2,1.0726962961977974e-07,0.008284313690665734,1.6937309939965223e-07
Phagosome,0,2,1.0826842327425448e-07,0.019175944849085497,1.7066943570325828e-07
Insulin secretion,0,2,1.1001208213164741e-07,0.015042387645555245,1.7313376860062545e-07
"Growth hormone synthesis, secretion and action",1,2,1.1824419077988295e-07,0.012343910696497679,1.8578465327117453e-07
Bladder cancer,1,2,1.3106182355250202e-07,0.02015500549981547,2.055871742000032e-07
Viral carcinogenesis,1,2,1.5455047669873547e-07,0.010667205733782326,2.420366356130278e-07
Cardiac muscle contraction,1,2,1.7626324558983474e-07,-0.015003598637174459,2.755907422902954e-07
Carbohydrate digestion and absorption,0,1,1.9166738899480385e-07,0.012407356266641648,2.9918811940652306e-07
PPAR signaling pathway,1,2,2.1317264191195383e-07,0.027570016561429156,3.3221710427836957e-07
Carbohydrate digestion and absorption,1,2,2.2270419714915592e-07,0.0143745805935741,3.4650896152867047e-07
Pancreatic cancer,0,1,2.5058273327546954e-07,-0.008762998017312507,3.8925473130170025e-07
p53 signaling pathway,0,2,2.7000987320266866e-07,-0.01518259092564353,4.1875521530623897e-07
Amyotrophic lateral sclerosis,1,2,2.734437746922409e-07,-0.0053238165599624465,4.233968124266955e-07
Ether lipid metabolism,1,2,2.843478340585715e-07,0.015409973124750675,4.395715309118013e-07
Ribosome,0,1,3.100062737397233e-07,-0.010292549240818849,4.784662745822096e-07
Relaxin signaling pathway,0,1,3.131403037771449e-07,0.00989653209506744,4.825275949053918e-07
"Valine, leucine and isoleucine degradation",1,2,4.032371220047272e-07,-0.020602141956412884,6.203648030841956e-07
Protein export,0,1,4.0530917460851756e-07,-0.010621846417767866,6.22554892198683e-07
Vibrio cholerae infection,0,2,4.3395709940899924e-07,-0.010404834820025854,6.654933153876026e-07
Toll-like receptor signaling pathway,0,2,4.6529343936231897e-07,0.0168049665706628,7.124110076360865e-07
Synthesis and degradation of ketone bodies,1,2,7.294979674567035e-07,-0.035205739522246066,1.1151561285962348e-06
Pancreatic cancer,0,2,8.122470135866103e-07,0.00950743635057466,1.2396774770161304e-06
Ferroptosis,0,1,8.662737112681513e-07,0.013967441615702625,1.3200361314562305e-06
Galactose metabolism,0,1,8.838814502816595e-07,-0.019952572867828255,1.3447324758643312e-06
Intestinal immune network for IgA production,0,1,1.0574905634192976e-06,-0.03195757981925611,1.606314779877414e-06
Long-term depression,1,2,1.469188145848016e-06,0.01432994456187743,2.228152638252915e-06
Signaling pathways regulating pluripotency of stem cells,1,2,1.4841124065134936e-06,0.010688800360829892,2.2472364515030817e-06
Biosynthesis of unsaturated fatty acids,1,2,1.7168020662212822e-06,-0.024251947976985183,2.5937840798061844e-06
Lysine degradation,0,2,1.7183819528715972e-06,0.013048971529933423,2.5937840798061844e-06
Oxidative phosphorylation,0,1,1.8782377346685804e-06,-0.01424138374754963,2.830625157428316e-06
Pertussis,0,1,2.022992026253311e-06,-0.013996595139802975,3.044000541070813e-06
HIF-1 signaling pathway,0,1,2.7382675566769205e-06,0.01023667778473833,4.113829193129646e-06
Pathogenic Escherichia coli infection,0,1,3.061886844077783e-06,-0.007500941633995617,4.592830266116675e-06
Basal cell carcinoma,1,2,3.34320337591054e-06,0.016356417270923476,5.006981655029826e-06
Citrate cycle (TCA cycle),0,2,3.4810858689101263e-06,0.020179958554214228,5.2053620469684135e-06
Thyroid cancer,0,2,3.511694319291289e-06,0.011031331975790981,5.242965080123853e-06
Thyroid cancer,1,2,3.760631608819926e-06,0.011308681823874345,5.605910472775046e-06
Prion disease,0,2,4.320995606764954e-06,-0.008641799590941635,6.4312492751850475e-06
PD-L1 expression and PD-1 checkpoint pathway in cancer,0,1,4.54778998017722e-06,-0.01407306149619017,6.758325667136426e-06
Vasopressin-regulated water reabsorption,0,2,4.936069227613024e-06,0.01246795938201195,7.323997617478367e-06
Mannose type O-glycan biosynthesis,1,2,5.381666473208031e-06,-0.017126241483396545,7.972839219567453e-06
Long-term potentiation,1,2,5.5271919983019945e-06,0.012298805620204661,8.175815590708651e-06
Selenocompound metabolism,0,1,5.664545618116325e-06,0.01349478523874198,8.366098143679496e-06
Legionellosis,0,1,6.094560666727094e-06,-0.014596528891327926,8.987370568445486e-06
Calcium signaling pathway,1,2,6.722048099339305e-06,0.010499374336430646,9.897494133996523e-06
Arachidonic acid metabolism,1,2,7.071864500467751e-06,0.018188435244018194,1.0396615498390568e-05
Osteoclast differentiation,0,1,7.818944518514144e-06,-0.016229483476983164,1.1477349751947366e-05
Pentose and glucuronate interconversions,0,1,8.300958541855656e-06,0.025127687495937624,1.2166290381956382e-05
Th17 cell differentiation,0,1,8.83087203295807e-06,-0.01775930348324184,1.292322736530449e-05
Purine metabolism,0,1,8.92843130968516e-06,0.006157628863870043,1.3046109676252289e-05
Glycosylphosphatidylinositol (GPI)-anchor biosynthesis,0,1,9.062769496114025e-06,-0.015352115511059278,1.3222277684300097e-05
Notch signaling pathway,1,2,9.678146275947104e-06,0.012429486732727507,1.4098665288177877e-05
Arrhythmogenic right ventricular cardiomyopathy,1,2,1.0182701065890846e-05,0.016735095349875564,1.4811201550386685e-05
Chemokine signaling pathway,0,1,1.0205968627222992e-05,-0.01660667925536162,1.4822586811095419e-05
Biosynthesis of unsaturated fatty acids,0,2,1.0324273980262836e-05,-0.026197657121122375,1.4971756829384173e-05
Non-alcoholic fatty liver disease,0,2,1.0590085136202235e-05,0.011199211105511975,1.533405992572269e-05
RNA transport,1,2,1.280083739609502e-05,-0.010354313965699524,1.8505407404064196e-05
Vitamin digestion and absorption,0,2,1.2818849920523636e-05,0.019414921308845718,1.8505407404064196e-05
Hippo signaling pathway,0,1,1.337291216999514e-05,0.008885385085532327,1.927626979458759e-05
Tryptophan metabolism,1,2,1.563765607800264e-05,0.014120465617852337,2.250697126669046e-05
Folate biosynthesis,0,1,1.6054096080326718e-05,0.01676852111052006,2.307175484597852e-05
Aminoacyl-tRNA biosynthesis,1,2,1.6921162012282868e-05,-0.013104459142663005,2.4281488089374517e-05
Vitamin B6 metabolism,0,1,1.736541672240038e-05,0.035465350491328526,2.488179112463338e-05
Type I diabetes mellitus,0,2,1.7646071367647974e-05,0.02313352424115675,2.524624219514464e-05
Neuroactive ligand-receptor interaction,1,2,1.8173884086540782e-05,0.008687045517527803,2.5962691552201117e-05
"Neomycin, kanamycin and gentamicin biosynthesis",0,1,2.052411518451787e-05,-0.026256117931211867,2.927659818296754e-05
Nitrogen metabolism,1,2,2.060587034076992e-05,-0.022470940278074402,2.9349607607031342e-05
cGMP-PKG signaling pathway,1,2,2.0996855951310654e-05,0.010310710850587643,2.9862195130752932e-05
Viral protein interaction with cytokine and cytokine receptor,0,1,2.1582442562699593e-05,-0.030494277671801413,3.064962257424794e-05
Terpenoid backbone biosynthesis,0,2,2.3391091049565145e-05,-0.0202855086664952,3.316905082360789e-05
Thermogenesis,0,1,2.4579890846238147e-05,0.007736530680622744,3.480338526900976e-05
Fc epsilon RI signaling pathway,0,1,2.6203740383533243e-05,-0.01053766045816934,3.704799818584965e-05
Arginine biosynthesis,0,1,2.6951473819418522e-05,0.01345727363121265,3.8049139509767326e-05
Taste transduction,0,1,2.8700705775386514e-05,0.00840972451648836,4.045914470539068e-05
Fructose and mannose metabolism,1,2,3.429122836151092e-05,-0.017399269935261807,4.826917775227344e-05
RNA polymerase,1,2,3.674992442806106e-05,-0.014349956333414071,5.165435937179886e-05
Th1 and Th2 cell differentiation,0,1,3.799692213539852e-05,-0.017945680322859925,5.3329013523366336e-05
Herpes simplex virus 1 infection,0,2,3.832095048493212e-05,-0.012715268684045863,5.3705273672313633e-05
Other glycan degradation,0,2,3.842071096106497e-05,-0.016339211922392155,5.3766592598574886e-05
Homologous recombination,1,2,4.075900507677137e-05,-0.02016119976950942,5.695581495444034e-05
cAMP signaling pathway,1,2,4.147154726991533e-05,0.00780197323096575,5.786727526034697e-05
Lysosome,1,2,4.169890989024269e-05,0.009289026613404805,5.810007764097676e-05
Lysosome,0,2,4.3316944264445196e-05,-0.010033280419995516,6.026705288966288e-05
Non-alcoholic fatty liver disease,0,1,5.1016255368159765e-05,0.008939258273636175,7.087641845648824e-05
Other types of O-glycan biosynthesis,1,2,5.3018251074225524e-05,0.013804810942132845,7.355133097002385e-05
mRNA surveillance pathway,0,1,5.489575814565693e-05,-0.007895340760091185,7.604607189008752e-05
Systemic lupus erythematosus,1,2,6.032994495803646e-05,0.022132089655120916,8.345352616673631e-05
Maturity onset diabetes of the young,0,2,6.925459861803162e-05,-0.016504870850547804,9.566102830692137e-05
Glioma,0,1,7.590011345874797e-05,0.00854833892240811,0.00010468981166723859
Glutathione metabolism,0,2,7.658685500223758e-05,0.014875765270183056,0.00010548548178213496
Influenza A,0,2,9.126476234276147e-05,0.011929987330784875,0.00012552173617342552
mTOR signaling pathway,0,2,9.148887298162123e-05,0.005512576722860707,0.0001256499543095227
Lipid and atherosclerosis,0,1,9.941686620937952e-05,-0.008508486341382515,0.00013634313080143477
Thyroid hormone signaling pathway,1,2,0.00010541766774578058,0.009033825610689133,0.00014436656353202475
Terpenoid backbone biosynthesis,1,2,0.0001083702412461214,-0.01868829584174686,0.00014819862050751646
"Glycine, serine and threonine metabolism",1,2,0.0001110488708023873,-0.014288752393396768,0.00015164568416826715
Sulfur relay system,1,2,0.0001112355807075891,-0.03100661748146752,0.00015168488278307604
Tight junction,0,1,0.00011250219841325462,0.006694203342936578,0.0001531944829457084
Nicotine addiction,0,2,0.00012975217852099986,0.01651890758841118,0.00017643355719569386
Cushing syndrome,1,2,0.00015568471673094576,0.006532453173213021,0.00021139650362334928
Sulfur relay system,0,1,0.00015871874440747912,-0.02780534078707872,0.0002152118568237005
mRNA surveillance pathway,1,2,0.00016181071956470532,-0.007891079258423972,0.0002190949094247068
Glycosphingolipid biosynthesis,0,2,0.0001711415733292174,-0.01439086705986645,0.00023140269069866012
Primary immunodeficiency,0,2,0.00017205989633336198,0.026641458020880738,0.00023231715960622717
Other glycan degradation,0,1,0.00018572599566216128,-0.012545646392757598,0.0002504170728029141
Fructose and mannose metabolism,0,1,0.00019330488854189747,-0.01617472037681611,0.00026027025666230236
Fatty acid elongation,0,2,0.00021890249841405204,-0.017018770697176555,0.00029432268694326325
Parkinson disease,1,2,0.0002635068238537662,-0.005769401166026533,0.0003537993718875742
Hematopoietic cell lineage,0,1,0.00026469572003700453,-0.02182390369675255,0.0003548992894350899
Diabetic cardiomyopathy,1,2,0.00032031460154873686,0.005857088369692509,0.00042887310667613307
Galactose metabolism,1,2,0.00032642202139822904,0.014874017862551742,0.0004364416999196377
Cardiac muscle contraction,0,1,0.0003312301709232995,0.007954544121324389,0.0004422544702174792
Mucin type O-glycan biosynthesis,0,1,0.00037236438832385937,0.012006508385197491,0.0004964858510984792
Glutathione metabolism,0,1,0.0004055141026700796,0.011146959799860273,0.0005399355597271517
AGE-RAGE signaling pathway in diabetic complications,0,1,0.00043460868901646195,0.011540295138926904,0.0005778730491077611
Hypertrophic cardiomyopathy,1,2,0.000445802424319035,0.013838232007784106,0.0005919368289713328
Mismatch repair,1,2,0.0004619538273319366,-0.01905692894267788,0.0006125354616556065
Pyruvate metabolism,1,2,0.00046649732991563405,-0.011104347888089922,0.0006177068092675981
Thyroid hormone synthesis,1,2,0.0004719584983245659,0.009328139272942501,0.0006240773531564508
Thiamine metabolism,1,2,0.0004786353641233032,-0.0162583065775162,0.0006320356940280207
Renin-angiotensin system,1,2,0.0005726648893800189,0.021365708208760964,0.0007551624914901349
SNARE interactions in vesicular transport,1,2,0.0005825069749962649,-0.007672680342719285,0.0007670873744806781
"Phenylalanine, tyrosine and tryptophan biosynthesis",0,2,0.0006084096741647214,0.03371965446161089,0.0008001003934220995
Caffeine metabolism,1,2,0.000638024727868903,-0.0602413725075398,0.0008378984114283815
RNA degradation,0,1,0.000658031689182882,-0.00751126299709462,0.0008629923792562388
Toxoplasmosis,0,1,0.0007146541502407112,-0.008878353472682815,0.000935972693357548
RNA degradation,1,2,0.0007653850940510718,-0.007947041366315799,0.001001048624371974
Taste transduction,1,2,0.0007773756093488924,-0.008540977712543751,0.0010153477346597779
Hepatitis C,0,2,0.0008821039814752459,0.0072707756903141185,0.0011505704106198858
Vitamin digestion and absorption,1,2,0.0009585790972791991,-0.011676174327944565,0.0012486240615848456
Chagas disease,0,1,0.0009718458114280937,-0.008055149544673262,0.0012641896734023983
Coronavirus disease,0,1,0.0010640745338334609,-0.0060851446750519456,0.0013822889749392725
Amoebiasis,0,1,0.0010658886425888477,0.010049578238992413,0.0013827744552503969
Alzheimer disease,0,2,0.001091798000756709,-0.003662206581273475,0.0014144751426807569
Sulfur metabolism,0,2,0.0011564632903470916,-0.01579886798204433,0.0014962328284814123
Phototransduction,0,2,0.0011982907160838464,-0.009882975770426378,0.001546181569140447
Linoleic acid metabolism,0,2,0.0011967552510123265,0.013639377157887045,0.001546181569140447
Other types of O-glycan biosynthesis,0,2,0.0012260471731650167,0.01065090211609912,0.0015798728674341156
Citrate cycle (TCA cycle),1,2,0.00139663452740281,-0.008017731931090732,0.00179727767601434
IL-17 signaling pathway,0,2,0.0014051399582053288,0.013454077049697755,0.001805802355926527
Arginine and proline metabolism,1,2,0.001492381153559261,-0.00933649040363621,0.0019153554911990516
Shigellosis,0,1,0.0015345663356770205,-0.003265901595928933,0.00196686739953263
Mineral absorption,1,2,0.0016211580636913763,0.01074332523210772,0.002075082321524962
Spinocerebellar ataxia,0,2,0.001725725588338802,-0.005008210564268478,0.0022059874364916774
Transcriptional misregulation in cancer,0,1,0.0018215438505282484,0.005692601529966479,0.0023253751283339344
Legionellosis,0,2,0.0018720722733458351,0.009990152588634837,0.0023867056871341324
Human immunodeficiency virus 1 infection,0,2,0.0020183408843121144,0.004392272697642752,0.002569770887187838
Parkinson disease,0,1,0.0020854770356968488,-0.005169192910394305,0.0026517323897602314
Apoptosis,0,2,0.0022248921400740006,0.005933317673257221,0.0028252598604114293
p53 signaling pathway,1,2,0.0022670082214845968,0.008619957945159795,0.002874937770971219
Central carbon metabolism in cancer,0,1,0.0025975934721727077,0.0060579884527905414,0.0032898281441765165
Dilated cardiomyopathy,1,2,0.0026430423829890202,0.011958953153634537,0.003342978508128405
Purine metabolism,0,2,0.002723521985262,0.004742970382902542,0.0034402382971730526
Alzheimer disease,0,1,0.0027390826471236527,-0.0032145234340519024,0.0034553473603662374
Non-homologous end-joining,1,2,0.0028713101324271493,-0.009017473298076562,0.003617398592034204
Retrograde endocannabinoid signaling,1,2,0.0031507048867707474,-0.0052410175591865865,0.003964189634731215
Acute myeloid leukemia,0,1,0.0033302916687815687,0.0066067270932090305,0.0041846596885213435
Steroid biosynthesis,1,2,0.003420155450226629,-0.014878793324754391,0.0042919597806765535
DNA replication,1,2,0.003822108846582941,-0.01716770911828991,0.004790110303811519
Aldosterone synthesis and secretion,1,2,0.003866176905206636,0.007366809011730792,0.0048390219413277325
Regulation of lipolysis in adipocytes,1,2,0.004060439029459279,0.0148116212397656,0.005075548786824098
Oocyte meiosis,1,2,0.004164657339920485,-0.007527647136151033,0.005199052075843519
Mucin type O-glycan biosynthesis,1,2,0.004829643007958683,0.011985015562252097,0.006021373100831604
Folate biosynthesis,0,2,0.0050480092966854245,0.013122965211236515,0.00628545904645656
Glycosphingolipid biosynthesis,1,2,0.005854645656935714,0.011435257309576924,0.007280388381681716
SNARE interactions in vesicular transport,0,1,0.00591360968393197,0.005759585235403181,0.007344198313809433
Diabetic cardiomyopathy,0,1,0.00605262522648185,-0.005362910751795957,0.007507132063853457
Pyrimidine metabolism,1,2,0.006729259371229613,-0.0072568515593534055,0.008335598705007004
Glycerolipid metabolism,1,2,0.0069757012305089565,0.006965201197131052,0.008629733481042007
Spliceosome,1,2,0.007811621617315956,-0.005488699928181684,0.009651424392050603
Cell adhesion molecules,0,1,0.008185138769701936,-0.010600478624679305,0.010099914163128353
Ribosome,1,2,0.00837967404228201,-0.00545067485606493,0.010326684313980398
Necroptosis,0,2,0.008779352214372467,0.00429228562864975,0.010805356571535344
Lysine degradation,1,2,0.008960061666447229,-0.006842742582712419,0.011013648143136158
Spinocerebellar ataxia,0,1,0.009147183588752479,-0.0033623310109048843,0.011229279085936546
Estrogen signaling pathway,1,2,0.009302922756442056,0.0060611368426335965,0.01140588230674888
Glycosaminoglycan degradation,0,1,0.00952625254561265,-0.008717571097100973,0.011664799035444061
Circadian entrainment,1,2,0.009539899310123678,0.007577586110135502,0.01166662845569265
"Neomycin, kanamycin and gentamicin biosynthesis",0,2,0.009689167359188448,-0.014619502327275477,0.01183409753794009
Ubiquitin mediated proteolysis,1,2,0.01052021683677967,-0.004564773829187241,0.012832793091878632
"Phenylalanine, tyrosine and tryptophan biosynthesis",1,2,0.01058785696060069,0.02053336009606825,0.012898912033219115
Alcoholism,1,2,0.010663595203415577,-0.00879896527443342,0.012974716597311729
Herpes simplex virus 1 infection,1,2,0.011116321406605123,-0.006855706318837029,0.013508441202963187
Basal cell carcinoma,0,1,0.011146702938841362,0.007968893374682248,0.013528236183675988
Insulin resistance,1,2,0.011909497582370122,0.005243030296488732,0.014435754645297118
Cardiac muscle contraction,0,2,0.012527554193481439,-0.00704905451585007,0.015165765480128855
Glycolysis / Gluconeogenesis,1,2,0.012923814569613279,-0.0063820138858552145,0.015625770764267945
Drug metabolism,1,2,0.013277147405580057,-0.008772480520177275,0.01603278177277592
Amphetamine addiction,1,2,0.014645990830761154,0.0069460237976779055,0.01764666730455735
Phosphonate and phosphinate metabolism,1,2,0.014650410251804382,-0.014434498385266337,0.01764666730455735
Fatty acid elongation,0,1,0.014701183272750051,0.008972110992883753,0.01768563401233089
GABAergic synapse,1,2,0.01477630206913484,0.005259191077116684,0.01775375467630719
Non-small cell lung cancer,0,1,0.014977907892814602,0.005165122978590314,0.017973489471377523
Vitamin B6 metabolism,1,2,0.015344336562663942,0.020327774315094777,0.018390216105065398
Linoleic acid metabolism,1,2,0.016250578927136366,-0.010171515787574997,0.019452064551185675
Platelet activation,0,1,0.01700720869007541,0.00628873058742771,0.020332403913415186
Herpes simplex virus 1 infection,0,1,0.01717025181478972,-0.005859562365208834,0.020501793211689216
Cytosolic DNA-sensing pathway,0,2,0.01800714591506313,-0.008536958100519063,0.0214743603459138
Endocrine and other factor-regulated calcium reabsorption,1,2,0.01888262930277846,0.005825943989461249,0.02249047658891727
Pentose and glucuronate interconversions,1,2,0.019273562778636177,-0.014235696434667437,0.02292765832402817
"Alanine, aspartate and glutamate metabolism",1,2,0.019651556868992975,-0.006465711627587661,0.023348384398803535
Kaposi sarcoma-associated herpesvirus infection,0,1,0.019866025867671954,-0.00457859927481824,0.023574023279314064
Ubiquinone and other terpenoid-quinone biosynthesis,0,2,0.021675473259448,0.012864979551371558,0.025689449788975405
Caffeine metabolism,0,2,0.024555295884968586,-0.037780514193026915,0.029066688100579337
Histidine metabolism,1,2,0.02575050307126972,-0.011703368578586414,0.030443944517757306
Ribosome biogenesis in eukaryotes,1,2,0.027470700031091155,-0.00822079744451093,0.03243772697398217
Collecting duct acid secretion,1,2,0.02753824878185049,-0.006655239047381717,0.03247754156090475
beta-Alanine metabolism,1,2,0.03058676592019149,-0.008833501392221665,0.03602858316979611
Nicotinate and nicotinamide metabolism,1,2,0.03253309829809918,-0.006271931333708736,0.03827423329188139
Arginine and proline metabolism,0,2,0.0333318054304945,-0.0064952282015815765,0.03916589132591765
Serotonergic synapse,1,2,0.033933455661132005,0.0052534843871307885,0.0398241044433823
alpha-Linolenic acid metabolism,0,1,0.034244962627467096,0.009339915734868712,0.04014061553402736
Selenocompound metabolism,0,2,0.03489956371814519,0.006699141915722517,0.0408580258163651
Cytokine-cytokine receptor interaction,0,1,0.036054976732942084,-0.00885133997195639,0.04215929069868989
Arginine biosynthesis,1,2,0.03617866720275582,-0.008342788841433892,0.042252458047014094
Metabolism of xenobiotics by cytochrome P450,1,2,0.0366754198676721,-0.0114614734137225,0.04278056266459929
Selenocompound metabolism,1,2,0.03753654381650677,-0.006795643323019462,0.04373189570855158
Steroid hormone biosynthesis,1,2,0.04187364532539875,-0.009766699181406518,0.04872569637864582
Chemical carcinogenesis,1,2,0.04219784641859365,0.0035563591262434274,0.049043501890859445
alpha-Linolenic acid metabolism,0,2,0.04439926989091154,0.00928962477749623,0.051539660332859824
Dopaminergic synapse,1,2,0.045151536225928664,0.004275808317176055,0.052349607218468014
"Neomycin, kanamycin and gentamicin biosynthesis",1,2,0.04667914698494165,0.01163661560393639,0.054055465748545216
Sulfur metabolism,1,2,0.04788027410802728,-0.009930505637255782,0.0553795941490436
"Glycine, serine and threonine metabolism",0,2,0.050706728839155286,0.007854543073292329,0.05857817050010719
Phototransduction,0,1,0.05174118474195034,-0.005722283665381495,0.0597013670099427
Circadian rhythm,1,2,0.05323983809266481,-0.009486399351057384,0.06135683621723676
Pancreatic secretion,1,2,0.05348137634118775,0.006477925921002395,0.06156129650784201
Retrograde endocannabinoid signaling,0,2,0.05762449956602059,0.0038599145044426186,0.06625092165674223
Olfactory transduction,1,2,0.06157095725054019,-0.0015240315687962136,0.07070349157956768
Ascorbate and aldarate metabolism,1,2,0.07207696181327629,-0.012050182184278637,0.08266891677508392
Porphyrin and chlorophyll metabolism,0,2,0.07276356753426694,-0.008208143885663405,0.08335683154283563
Cysteine and methionine metabolism,0,2,0.07655730946965404,0.0050192406230142594,0.0875983517173634
Porphyrin and chlorophyll metabolism,1,2,0.08125705029233433,-0.007019590626509489,0.09286520033409638
Taurine and hypotaurine metabolism,1,2,0.08278590373481604,-0.012061694657712209,0.09449996145710272
"Alanine, aspartate and glutamate metabolism",0,1,0.08433406924431906,0.005010284635944232,0.09615285804577946
Antigen processing and presentation,0,2,0.08764574407436888,0.005647959811468595,0.09981010001351616
VEGF signaling pathway,0,1,0.09475087682106453,-0.0036382006472164274,0.10764596656594314
Phosphatidylinositol signaling system,1,2,0.09474520942817316,0.0040809540522653565,0.10764596656594314
Pentose and glucuronate interconversions,0,2,0.09650883446633808,0.010891991061270187,0.10951357102563186
Peroxisome,0,2,0.09731805200554208,-0.005790707879101492,0.11030145209600992
Malaria,0,1,0.09804761671138167,0.011354770580772139,0.11099730193741321
Prion disease,1,2,0.10429971194294453,0.002448417923786861,0.11793607004149205
Measles,0,2,0.1113063969967069,0.0036664222564361804,0.12571075425510428
Sphingolipid signaling pathway,0,1,0.11862230528395358,-0.002355350494994496,0.13381599656004164
Proteasome,1,2,0.11983217133851824,0.004861751704991146,0.13502216488847127
Protein digestion and absorption,0,1,0.12129609474623369,-0.005743863659705337,0.1365114313673908
Glutamatergic synapse,1,2,0.12201388646815628,0.004197657618449646,0.13715846722415695
Phosphonate and phosphinate metabolism,0,2,0.1239150894029092,-0.008274007207394851,0.13913273196116122
Progesterone-mediated oocyte maturation,1,2,0.12694408927160925,-0.004438640148760373,0.14236720292143093
"Phenylalanine, tyrosine and tryptophan biosynthesis",0,1,0.13233982724843973,0.013186294365542639,0.1482453140705976
Caffeine metabolism,0,1,0.13413362186201735,0.022460858314512888,0.15007957690855087
Fat digestion and absorption,1,2,0.13690280401364213,0.005859646832088464,0.15299964127252205
Epstein-Barr virus infection,0,2,0.15694852717380564,-0.00339116521884944,0.1751983559149458
Longevity regulating pathway,1,2,0.1587786790168262,0.003068243115343955,0.17703546092468428
Non-alcoholic fatty liver disease,1,2,0.16435524339028584,0.0022599528318758,0.18304064229080558
Small cell lung cancer,0,1,0.1736639981286598,0.0030436729772957416,0.19318359003883362
Various types of N-glycan biosynthesis,1,2,0.1740008153315049,-0.0035758960020089714,0.19333423925722767
Cellular senescence,0,2,0.17476630818994535,0.002773865371276385,0.19396029579462143
Nicotinate and nicotinamide metabolism,0,1,0.17504469488148067,0.00445503695988933,0.19404492735129497
Phototransduction,1,2,0.18057819450251356,-0.004160692105044883,0.19994817384361363
MicroRNAs in cancer,0,1,0.18343704757518436,0.003233648275584672,0.20287968395412095
Proximal tubule bicarbonate reclamation,1,2,0.20050943463478216,-0.0047155774686098995,0.22150639499354532
Human cytomegalovirus infection,0,1,0.20085592433197952,-0.002492951090223794,0.2215098599208125
Sulfur metabolism,0,1,0.20097404999065385,-0.005868362344788547,0.2215098599208125
Arginine biosynthesis,0,2,0.20946241460028733,0.005114484789778759,0.23060082341316038
Glycosaminoglycan degradation,0,2,0.2132403622773232,-0.004963784038761965,0.23449112003004613
Cysteine and methionine metabolism,0,1,0.21671658538458272,0.0034738146314451934,0.23804110065125791
Galactose metabolism,0,2,0.22024892050743813,-0.005078555005276514,0.24164452992816068
Type II diabetes mellitus,1,2,0.22437708869231224,0.003781990979955477,0.24589269993678053
Phosphonate and phosphinate metabolism,0,1,0.22653172275477515,0.0061604911778714855,0.2479708709744403
ABC transporters,1,2,0.24227642231107824,0.004222802993037053,0.26490360526040446
Other types of O-glycan biosynthesis,0,1,0.24299889152970497,-0.0031539088260337245,0.2651161503116371
Autophagy,1,2,0.2430231377856673,0.0020567702347219496,0.2651161503116371
One carbon pool by folate,1,2,0.2512762518979126,-0.005355178313746239,0.27380840161407044
Starch and sucrose metabolism,1,2,0.2555739549720594,0.0037016245362604394,0.27817573330292183
Protein processing in endoplasmic reticulum,1,2,0.2609705496900228,-0.0015947685826561697,0.28340693179007004
Glycosaminoglycan biosynthesis,0,2,0.26069865217561916,-0.004186687246395454,0.28340693179007004
Arginine and proline metabolism,0,1,0.26513068883639956,0.002841262202054634,0.28759939128016226
Complement and coagulation cascades,0,1,0.28706655800885156,0.005490782743537231,0.31104277165744637
Glucagon signaling pathway,1,2,0.29547236895607143,0.001939257408688555,0.3197897116097278
Glutathione metabolism,1,2,0.3078440542757973,0.0037288054703227824,0.33280438300086196
Glycosaminoglycan degradation,1,2,0.30998332255785,0.0037537870583390087,0.3347401458442475
Primary bile acid biosynthesis,1,2,0.31876354696008047,0.004496977181766587,0.34383483717042385
Spinocerebellar ataxia,1,2,0.32035571121008893,-0.001645879553363594,0.3451644026506009
Insulin secretion,1,2,0.32387422876440947,-0.00266066253334678,0.34856419239218955
Thermogenesis,0,2,0.32443110266411196,-0.0017873140735985005,0.34877251798157616
Purine metabolism,1,2,0.3325116150709247,-0.0014146584809675011,0.357059452425154
mTOR signaling pathway,1,2,0.3331894822364434,-0.001437207065662055,0.35738760105808454
Pathways of neurodegeneration,1,2,0.3397197725983046,-0.0008677364573421165,0.36398547064104064
Other glycan degradation,1,2,0.3413065286725698,-0.003793565529634557,0.3652778902181349
Endocytosis,0,1,0.3418206995868677,0.0009352166499516645,0.36542079243139536
Mitophagy,1,2,0.35589100956738784,0.0014906231814610371,0.38003934280833407
Vasopressin-regulated water reabsorption,1,2,0.38180118465609747,-0.0026218276355950976,0.40725459696650396
Amino sugar and nucleotide sugar metabolism,1,2,0.3835627048132855,0.0028128348554138094,0.4086794635080511
Pentose phosphate pathway,1,2,0.39339686328181517,-0.0025477900682415455,0.418692892184637
African trypanosomiasis,0,1,0.4009832315653625,-0.005239985399304668,0.42629446545154814
C-type lectin receptor signaling pathway,0,1,0.4109707743231397,-0.002155031245261979,0.4364291408741307
Inositol phosphate metabolism,1,2,0.4127802496908358,0.001960146776972982,0.4378663422134833
Folate biosynthesis,1,2,0.4194843069116792,-0.003645555899283545,0.44448668282032233
SNARE interactions in vesicular transport,0,2,0.43330700550379964,-0.001913095107316104,0.45862704000402166
Pantothenate and CoA biosynthesis,1,2,0.440675315126041,-0.0031980073677363857,0.46591222744603455
Maturity onset diabetes of the young,1,2,0.44419980018810346,0.0030519794432725122,0.46912190118875613
Nicotine addiction,1,2,0.44851104549302845,-0.0032814832855487808,0.47315450953110694
Adrenergic signaling in cardiomyocytes,1,2,0.45001804364372316,-0.001696550069178071,0.47422318539843494
Vibrio cholerae infection,1,2,0.4568029086786109,0.0014931121850164653,0.48084516703011676
Hedgehog signaling pathway,1,2,0.4663148119804901,0.0031303055735207586,0.4903200651711615
Phenylalanine metabolism,1,2,0.4836572473463977,0.005120686956562332,0.5079988593572667
Pentose phosphate pathway,0,1,0.49271663205869154,0.0020027216767901923,0.5169485975697747
Bile secretion,1,2,0.49987134876689454,-0.002252735544911774,0.5238826362622475
Retinol metabolism,1,2,0.5163649202295828,-0.0031680356054960557,0.5405783243406755
Human papillomavirus infection,0,1,0.5417545244167157,0.0009361162117346167,0.5665406791285915
Bacterial invasion of epithelial cells,0,1,0.5515050327541432,-0.0008999718695692493,0.5761097186550354
Glyoxylate and dicarboxylate metabolism,0,2,0.558841421818559,-0.0023537431250044705,0.5831388749411051
Riboflavin metabolism,1,2,0.5775064305306188,-0.0033748568560413306,0.601961100227355
Pantothenate and CoA biosynthesis,0,2,0.5795275327276276,-0.0021293277850347736,0.6034126154213909
Salmonella infection,0,1,0.5905028832252093,-0.0006156659885475646,0.6141741797358623
Glycerophospholipid metabolism,1,2,0.6125965667575025,-0.001003999484449708,0.6358084944577095
Nicotinate and nicotinamide metabolism,0,2,0.6126279764306055,-0.0018168943738194054,0.6358084944577095
N-Glycan biosynthesis,1,2,0.6268759832988569,-0.0011488725033924063,0.6498930280420114
Sphingolipid metabolism,0,2,0.6285420357329382,-0.0014435991083893984,0.6509173185583826
Cell cycle,1,2,0.6342028625866835,-0.002444407489634759,0.6560719268138104
Cysteine and methionine metabolism,1,2,0.6393314000076646,0.001545425991569066,0.6606653864449495
"Alanine, aspartate and glutamate metabolism",0,2,0.6446943248241057,-0.0014554269916434298,0.665490915947464
Cortisol synthesis and secretion,1,2,0.6461138890783413,-0.0015033030698541477,0.666239885623209
Alzheimer disease,1,2,0.6527992073344201,-0.00044768314722157254,0.6724112006878147
Colorectal cancer,0,1,0.6776220813434638,-0.000714400560546391,0.6972317235688373
Biosynthesis of unsaturated fatty acids,0,1,0.6796807856991623,-0.001945709144137192,0.6986012358363981
Fatty acid biosynthesis,1,2,0.6918449796063988,0.001360535887439701,0.71034350847288
Terpenoid backbone biosynthesis,0,1,0.7123797734220924,-0.0015972128247483397,0.7306459214585562
Cocaine addiction,1,2,0.7132551340230447,0.0011271084079509108,0.7307629975049338
Porphyrin and chlorophyll metabolism,0,1,0.7459300631952666,-0.0011885532591539155,0.7634252245921704
Sphingolipid metabolism,1,2,0.7668949567695525,-0.0009550781141316189,0.7840459621925138
Pantothenate and CoA biosynthesis,0,1,0.776760814806097,0.0010686795827016121,0.7932876406530354
Aldosterone-regulated sodium reabsorption,1,2,0.7949994824155981,-0.0010362917966674767,0.8110515442284529
AMPK signaling pathway,1,2,0.8059420092339784,-0.0005676929086520233,0.8213421750155194
Diabetic cardiomyopathy,0,2,0.8105360684127643,0.0004941776178965518,0.8251480654042987
GnRH secretion,0,2,0.8151815177311301,0.0006896471171817624,0.8289981536248782
Tyrosine metabolism,1,2,0.8397633471546321,-0.0013942453284706384,0.8530929240935945
Leukocyte transendothelial migration,0,1,0.8563465427458495,-0.000468676336908197,0.8690197473953652
GnRH secretion,0,1,0.8661946065684941,0.0003194195966447176,0.8780853456238167
Sphingolipid metabolism,0,1,0.869998540388039,-0.0004885209942577795,0.8810111801397863
Pentose phosphate pathway,0,2,0.8753634026234244,-0.0005450683914513532,0.8855098698824947
GnRH secretion,1,2,0.89351984137963,0.0003702275205370448,0.9029253133941524
Thyroid cancer,0,1,0.8957607044907556,-0.0002773498480833636,0.904237935132624
TNF signaling pathway,0,1,0.899544869948276,0.0004171054187495915,0.9071040705360766
Renal cell carcinoma,0,1,0.9015296899508355,0.0002321119489082646,0.9081516289116496
D-Glutamine and D-glutamate metabolism,1,2,0.9169764565263786,0.0005625955563696716,0.9227436040517017
Fatty acid degradation,1,2,0.926714851250037,0.0003245547045232777,0.9315667614660059
Chronic myeloid leukemia,0,1,0.9524314574076954,-9.932959795533325e-05,0.9564165262671418
Taste transduction,0,2,0.9588226361072112,-0.00013125319605539199,0.9618283497000238
alpha-Linolenic acid metabolism,1,2,0.9910060804585658,-5.029095737248135e-05,0.9928698640819902
Insulin signaling pathway,1,2,0.9918356246402381,1.79094722942974e-05,0.9928698640819902
Ovarian steroidogenesis,1,2,0.9992030473631957,3.6836067750789514e-06,0.9992030473631957
